Channel State,Experiment Time (minutes),State Time (samples),
strand,0,87129
strand,1,74584
strand,2,255271
strand,3,415580
strand,4,320947
strand,5,107234
strand,6,180376
strand,7,120622
strand,8,182466
strand,9,425288
strand,10,320878
strand,11,213855
strand,12,189513
strand,13,278125
strand,14,254733
strand,15,329060
strand,16,292809
strand,17,220445
strand,18,277473
strand,19,352801
strand,20,232185
strand,21,417923
strand,22,252857
strand,23,195138
strand,24,484445
strand,25,337523
strand,26,285885
strand,27,227640
strand,28,211310
strand,29,304102
strand,30,276301
strand,31,645500
strand,32,383112
strand,33,337326
strand,34,160803
strand,35,205053
strand,36,179741
strand,37,227858
strand,38,214490
strand,39,335446
strand,40,376376
strand,41,360929
strand,42,301784
strand,43,231456
strand,44,198483
strand,45,256325
strand,46,855167
strand,47,199258
strand,48,301974
strand,49,462811
strand,50,152263
strand,51,207272
strand,52,162674
strand,53,211215
strand,54,269036
strand,55,198803
strand,56,201125
strand,57,541059
strand,58,153353
strand,59,205535
strand,60,134558
strand,61,200719
strand,62,286014
strand,63,147030
strand,64,243754
strand,65,206384
strand,66,651700
strand,67,410671
strand,68,450495
strand,69,201703
strand,70,134905
strand,71,96491
strand,72,205172
strand,73,98060
strand,74,178419
strand,75,389255
strand,76,235097
strand,77,415683
strand,78,492880
strand,79,493610
strand,80,657201
strand,81,409352
strand,82,346536
strand,83,327479
strand,84,389374
strand,85,690039
strand,86,510067
strand,87,259717
strand,88,535474
strand,89,452212
strand,90,451470
strand,91,360208
strand,92,84530
strand,93,164401
strand,94,419286
strand,95,174527
strand,96,436461
strand,97,141326
strand,98,201885
strand,99,291263
strand,100,266363
strand,101,211065
strand,102,193405
strand,103,422310
strand,104,313821
strand,105,474292
strand,106,431067
strand,107,514238
strand,108,131567
strand,109,222126
strand,110,437759
strand,111,374168
strand,112,543620
strand,113,247942
strand,114,345060
strand,115,479198
strand,116,350699
strand,117,344383
strand,118,357752
strand,119,174837
strand,120,188846
strand,121,318027
strand,122,649074
strand,123,427828
strand,124,422414
strand,125,369794
strand,126,294606
strand,127,314104
strand,128,115186
strand,129,194140
strand,130,444900
strand,131,537535
strand,132,240935
strand,133,253187
strand,134,442941
strand,135,730518
strand,136,341879
strand,137,351470
strand,138,548861
strand,139,397646
strand,140,232367
strand,141,307222
strand,142,401522
strand,143,475512
strand,144,439579
strand,145,211320
strand,146,299614
strand,147,616903
strand,148,764289
strand,149,397933
strand,150,389900
strand,151,482583
strand,152,464905
strand,153,363635
strand,154,130530
strand,155,230382
strand,156,236389
strand,157,208217
strand,158,281910
strand,159,304734
strand,160,414314
strand,161,399943
strand,162,322954
strand,163,348164
strand,164,230997
strand,165,378730
strand,166,572553
strand,167,417917
strand,168,137996
strand,169,377656
strand,170,822632
strand,171,365254
strand,172,323815
strand,173,505971
strand,174,377634
strand,175,356713
strand,176,368679
strand,177,237307
strand,178,533661
strand,179,347080
strand,180,226982
strand,181,577380
strand,182,453913
strand,183,333945
strand,184,60013
strand,185,155587
strand,186,739091
strand,187,213712
strand,188,283496
strand,189,147046
strand,190,337217
strand,191,505778
strand,192,510444
strand,193,475432
strand,194,426171
strand,195,388166
strand,196,490007
strand,197,397901
strand,198,609220
strand,199,456477
strand,200,381265
strand,201,723286
strand,202,328214
strand,203,400449
strand,204,597856
strand,205,389869
strand,206,439393
strand,207,303572
strand,208,374568
strand,209,0
strand,210,0
strand,211,391084
strand,212,607320
strand,213,238418
strand,214,343169
strand,215,250629
strand,216,240451
strand,217,290476
strand,218,435312
strand,219,378011
strand,220,172363
strand,221,414475
strand,222,461960
strand,223,452520
strand,224,333678
strand,225,209502
strand,226,328279
strand,227,410758
strand,228,323957
strand,229,289069
strand,230,392997
strand,231,273023
strand,232,367410
strand,233,480281
strand,234,174077
strand,235,321473
strand,236,368242
strand,237,375591
strand,238,496139
strand,239,443554
strand,240,190672
strand,241,367706
strand,242,592630
strand,243,688928
strand,244,391124
strand,245,319389
strand,246,260508
strand,247,522003
strand,248,272964
strand,249,419634
strand,250,257073
strand,251,310932
strand,252,644720
strand,253,503491
strand,254,446682
strand,255,253273
strand,256,376601
strand,257,391432
strand,258,246798
strand,259,451393
strand,260,339137
strand,261,250367
adapter,0,23325375
adapter,1,29987647
adapter,2,59280971
adapter,3,57693883
adapter,4,56901774
adapter,5,55467255
adapter,6,55586660
adapter,7,55020749
adapter,8,53379515
adapter,9,53796931
adapter,10,52960954
adapter,11,52814294
adapter,12,52742283
adapter,13,52963929
adapter,14,52550799
adapter,15,52018147
adapter,16,50975327
adapter,17,50752127
adapter,18,50439760
adapter,19,50672306
adapter,20,50237147
adapter,21,49563899
adapter,22,48655827
adapter,23,49611323
adapter,24,48966992
adapter,25,48058230
adapter,26,48348726
adapter,27,47891630
adapter,28,47893429
adapter,29,46801875
adapter,30,45890665
adapter,31,45410240
adapter,32,45468607
adapter,33,45091051
adapter,34,44481393
adapter,35,44710727
adapter,36,44583653
adapter,37,43364665
adapter,38,43454584
adapter,39,42778353
adapter,40,42305079
adapter,41,42059159
adapter,42,42314416
adapter,43,41622995
adapter,44,41377584
adapter,45,40988522
adapter,46,40244176
adapter,47,39720057
adapter,48,38961317
adapter,49,38493331
adapter,50,38950257
adapter,51,38548722
adapter,52,37384734
adapter,53,36977969
adapter,54,36449281
adapter,55,37338184
adapter,56,37052265
adapter,57,36675656
adapter,58,36775849
adapter,59,35884599
adapter,60,35131554
adapter,61,34375183
adapter,62,33841088
adapter,63,33414375
adapter,64,32936151
adapter,65,32595199
adapter,66,32567269
adapter,67,32496498
adapter,68,33012511
adapter,69,32665112
adapter,70,31602164
adapter,71,31277810
adapter,72,30719314
adapter,73,30442633
adapter,74,29657188
adapter,75,29826089
adapter,76,28790321
adapter,77,28888100
adapter,78,28685150
adapter,79,28113395
adapter,80,28080531
adapter,81,28310218
adapter,82,28014045
adapter,83,27437681
adapter,84,27358398
adapter,85,26762315
adapter,86,26242938
adapter,87,26138516
adapter,88,25819536
adapter,89,25314774
adapter,90,24797184
adapter,91,21661974
adapter,92,11067340
adapter,93,14149146
adapter,94,27170252
adapter,95,26728420
adapter,96,25853404
adapter,97,25309616
adapter,98,24869379
adapter,99,24843057
adapter,100,24914730
adapter,101,24428107
adapter,102,24441060
adapter,103,24185278
adapter,104,23768638
adapter,105,23767950
adapter,106,23277743
adapter,107,23587644
adapter,108,22604335
adapter,109,22868328
adapter,110,22314669
adapter,111,22419952
adapter,112,21859895
adapter,113,21559467
adapter,114,21368330
adapter,115,21076168
adapter,116,20491869
adapter,117,20396832
adapter,118,20277623
adapter,119,20188535
adapter,120,20270249
adapter,121,19747135
adapter,122,19680452
adapter,123,19731851
adapter,124,19198364
adapter,125,19048868
adapter,126,19112416
adapter,127,18892345
adapter,128,18411300
adapter,129,18096673
adapter,130,17947495
adapter,131,17899307
adapter,132,17692472
adapter,133,17590594
adapter,134,17782595
adapter,135,17023141
adapter,136,17360417
adapter,137,17081291
adapter,138,16763181
adapter,139,16687945
adapter,140,16205112
adapter,141,16413260
adapter,142,16283773
adapter,143,15864217
adapter,144,16097633
adapter,145,15601712
adapter,146,15232537
adapter,147,15065120
adapter,148,14567865
adapter,149,14928792
adapter,150,14315485
adapter,151,14686371
adapter,152,14241657
adapter,153,14157188
adapter,154,14232312
adapter,155,13894220
adapter,156,14379559
adapter,157,13735368
adapter,158,13743634
adapter,159,13473463
adapter,160,13136044
adapter,161,13129653
adapter,162,13075952
adapter,163,12683831
adapter,164,12434874
adapter,165,12083458
adapter,166,12402359
adapter,167,12076733
adapter,168,11888698
adapter,169,11408623
adapter,170,11588804
adapter,171,11730182
adapter,172,11053648
adapter,173,11196049
adapter,174,11246992
adapter,175,10907776
adapter,176,10688829
adapter,177,10455848
adapter,178,10452929
adapter,179,10341278
adapter,180,10409541
adapter,181,10078461
adapter,182,9908352
adapter,183,8146006
adapter,184,3455410
adapter,185,6416406
adapter,186,9889177
adapter,187,10051503
adapter,188,9885492
adapter,189,9453629
adapter,190,9297024
adapter,191,9176874
adapter,192,9271291
adapter,193,9036151
adapter,194,9003591
adapter,195,9077433
adapter,196,9470487
adapter,197,9204863
adapter,198,9046584
adapter,199,8926541
adapter,200,8633304
adapter,201,8449843
adapter,202,8474883
adapter,203,8509578
adapter,204,8020032
adapter,205,7936700
adapter,206,7937706
adapter,207,7966467
adapter,208,4600153
adapter,209,0
adapter,210,0
adapter,211,6274555
adapter,212,8372573
adapter,213,8997347
adapter,214,9509000
adapter,215,10441070
adapter,216,10920982
adapter,217,11524622
adapter,218,12236237
adapter,219,12992716
adapter,220,13312615
adapter,221,13236565
adapter,222,13396212
adapter,223,13372547
adapter,224,13225823
adapter,225,13369691
adapter,226,13584037
adapter,227,13726384
adapter,228,13755781
adapter,229,13651499
adapter,230,13487915
adapter,231,13543249
adapter,232,13423721
adapter,233,13358477
adapter,234,13422356
adapter,235,13206039
adapter,236,13389917
adapter,237,13108612
adapter,238,13264665
adapter,239,12936352
adapter,240,13208760
adapter,241,12647318
adapter,242,12837502
adapter,243,12781680
adapter,244,12617544
adapter,245,12474312
adapter,246,12245332
adapter,247,12169335
adapter,248,12286996
adapter,249,12064374
adapter,250,11818487
adapter,251,11717530
adapter,252,11621866
adapter,253,11194075
adapter,254,11227525
adapter,255,11147051
adapter,256,11060358
adapter,257,10898743
adapter,258,10833564
adapter,259,11014398
adapter,260,10639421
adapter,261,10383300
pore,0,13272187
pore,1,17634508
pore,2,35310007
pore,3,35405500
pore,4,35944256
pore,5,35445378
pore,6,35762059
pore,7,35567753
pore,8,35321913
pore,9,35331894
pore,10,35864258
pore,11,36521663
pore,12,36934936
pore,13,37221371
pore,14,37049038
pore,15,37425663
pore,16,37006030
pore,17,37139245
pore,18,37805043
pore,19,37934921
pore,20,38308865
pore,21,38747687
pore,22,38955574
pore,23,39678041
pore,24,39566961
pore,25,39986014
pore,26,40815338
pore,27,41085896
pore,28,41784154
pore,29,41772159
pore,30,41866564
pore,31,42030211
pore,32,42795384
pore,33,43085969
pore,34,42984346
pore,35,43769584
pore,36,43692194
pore,37,44514188
pore,38,44500819
pore,39,44764215
pore,40,45681944
pore,41,45486473
pore,42,46514043
pore,43,46962940
pore,44,47402684
pore,45,47943134
pore,46,47652846
pore,47,48029425
pore,48,47908458
pore,49,47633253
pore,50,49105366
pore,51,48841773
pore,52,48785084
pore,53,48798120
pore,54,49440541
pore,55,50424666
pore,56,50527936
pore,57,50167923
pore,58,51230281
pore,59,51595538
pore,60,51251910
pore,61,50729604
pore,62,50736076
pore,63,51577026
pore,64,51265867
pore,65,51053038
pore,66,51818963
pore,67,53018570
pore,68,54159934
pore,69,53961900
pore,70,53904930
pore,71,54673895
pore,72,54435343
pore,73,54623550
pore,74,55386530
pore,75,54754876
pore,76,55250738
pore,77,55563329
pore,78,55958809
pore,79,55810171
pore,80,56242251
pore,81,56639289
pore,82,57191096
pore,83,56770640
pore,84,57788489
pore,85,57757356
pore,86,57393962
pore,87,58000491
pore,88,58099054
pore,89,58064909
pore,90,58432744
pore,91,51828172
pore,92,23305250
pore,93,29256680
pore,94,55815434
pore,95,54755508
pore,96,54387402
pore,97,54089752
pore,98,54504024
pore,99,54439976
pore,100,54422686
pore,101,54799752
pore,102,55025569
pore,103,55332824
pore,104,57093233
pore,105,55802345
pore,106,57392736
pore,107,57580944
pore,108,57134415
pore,109,57474541
pore,110,57601872
pore,111,58624141
pore,112,57822153
pore,113,58514544
pore,114,59192603
pore,115,57851565
pore,116,58007502
pore,117,57767315
pore,118,59164102
pore,119,58849561
pore,120,59429407
pore,121,59518844
pore,122,59368645
pore,123,59936251
pore,124,59309281
pore,125,60091632
pore,126,59938722
pore,127,61170171
pore,128,61297634
pore,129,61524748
pore,130,61177817
pore,131,61381525
pore,132,62150062
pore,133,61898730
pore,134,63427241
pore,135,62878635
pore,136,63294571
pore,137,64274567
pore,138,64604152
pore,139,64675978
pore,140,64332587
pore,141,64010200
pore,142,64292849
pore,143,64130197
pore,144,64123959
pore,145,65163844
pore,146,64726563
pore,147,64144372
pore,148,63297270
pore,149,65127809
pore,150,65073506
pore,151,65827111
pore,152,65044586
pore,153,64569380
pore,154,66025008
pore,155,67323650
pore,156,66569965
pore,157,67208452
pore,158,67509432
pore,159,67178480
pore,160,66487179
pore,161,66383998
pore,162,66457138
pore,163,66738428
pore,164,65665769
pore,165,65626791
pore,166,65594876
pore,167,66279683
pore,168,66132311
pore,169,65513363
pore,170,66006736
pore,171,66987643
pore,172,67371530
pore,173,66490701
pore,174,66623316
pore,175,66786480
pore,176,67072159
pore,177,67803464
pore,178,66582827
pore,179,67205973
pore,180,66984958
pore,181,66833023
pore,182,67379295
pore,183,55274505
pore,184,23780107
pore,185,45526764
pore,186,71156836
pore,187,72052852
pore,188,71808654
pore,189,71513724
pore,190,69775992
pore,191,69045617
pore,192,71239202
pore,193,71371822
pore,194,71781951
pore,195,70248454
pore,196,69153358
pore,197,68387951
pore,198,68383010
pore,199,68019089
pore,200,66437838
pore,201,67388643
pore,202,67874430
pore,203,67667454
pore,204,66853919
pore,205,66993396
pore,206,67515987
pore,207,67329301
pore,208,38250022
pore,209,0
pore,210,0
pore,211,50335242
pore,212,66802701
pore,213,65963752
pore,214,64407845
pore,215,64365679
pore,216,62560950
pore,217,62098775
pore,218,62259437
pore,219,62789089
pore,220,62533557
pore,221,61921332
pore,222,60602351
pore,223,60052586
pore,224,60514109
pore,225,60857632
pore,226,59966722
pore,227,60496312
pore,228,60482790
pore,229,59802845
pore,230,60556092
pore,231,60648549
pore,232,60341650
pore,233,60971835
pore,234,59894008
pore,235,60689267
pore,236,60035180
pore,237,60745923
pore,238,60352786
pore,239,60187526
pore,240,61343563
pore,241,61408020
pore,242,61400833
pore,243,60553021
pore,244,58930099
pore,245,60444245
pore,246,60113352
pore,247,60187124
pore,248,62117141
pore,249,61352142
pore,250,60482094
pore,251,60949296
pore,252,60727805
pore,253,60060887
pore,254,60313062
pore,255,60901840
pore,256,61503738
pore,257,61444667
pore,258,61362999
pore,259,61144388
pore,260,62484856
pore,261,61076522
unavailable,0,5159163
unavailable,1,6512365
unavailable,2,12034173
unavailable,3,12378363
unavailable,4,12068713
unavailable,5,12771925
unavailable,6,12677044
unavailable,7,12313593
unavailable,8,12611749
unavailable,9,12096228
unavailable,10,12314170
unavailable,11,12143669
unavailable,12,11599580
unavailable,13,11947508
unavailable,14,11979579
unavailable,15,11885320
unavailable,16,12276504
unavailable,17,12016949
unavailable,18,11666967
unavailable,19,11703619
unavailable,20,11439935
unavailable,21,11534455
unavailable,22,11921483
unavailable,23,11267691
unavailable,24,11444968
unavailable,25,11633558
unavailable,26,11285822
unavailable,27,11013928
unavailable,28,10871030
unavailable,29,10642957
unavailable,30,10484571
unavailable,31,10557128
unavailable,32,10386013
unavailable,33,10420203
unavailable,34,10619375
unavailable,35,10118249
unavailable,36,10308303
unavailable,37,10387333
unavailable,38,10460876
unavailable,39,10197248
unavailable,40,10162037
unavailable,41,10663042
unavailable,42,9991757
unavailable,43,10096439
unavailable,44,10247159
unavailable,45,10012374
unavailable,46,10027183
unavailable,47,10112502
unavailable,48,10018334
unavailable,49,9956807
unavailable,50,9140052
unavailable,51,9364557
unavailable,52,10362807
unavailable,53,10132535
unavailable,54,10128564
unavailable,55,9830709
unavailable,56,9628688
unavailable,57,9535768
unavailable,58,9032359
unavailable,59,8972239
unavailable,60,9465357
unavailable,61,9420796
unavailable,62,9737040
unavailable,63,9300446
unavailable,64,9319504
unavailable,65,9834326
unavailable,66,9141471
unavailable,67,9187089
unavailable,68,8642085
unavailable,69,8935104
unavailable,70,9168830
unavailable,71,9354136
unavailable,72,9732598
unavailable,73,9727964
unavailable,74,9161606
unavailable,75,9302036
unavailable,76,9523357
unavailable,77,9757543
unavailable,78,9101448
unavailable,79,9095800
unavailable,80,8949169
unavailable,81,8524219
unavailable,82,8415726
unavailable,83,9034637
unavailable,84,8164661
unavailable,85,8388598
unavailable,86,8711246
unavailable,87,8906188
unavailable,88,8617998
unavailable,89,8978290
unavailable,90,8867562
unavailable,91,8212018
unavailable,92,6208429
unavailable,93,5730038
unavailable,94,10081033
unavailable,95,10349192
unavailable,96,10728176
unavailable,97,10960681
unavailable,98,10702736
unavailable,99,11376249
unavailable,100,10930222
unavailable,101,10805480
unavailable,102,10795995
unavailable,103,10284881
unavailable,104,10049115
unavailable,105,10669249
unavailable,106,9950259
unavailable,107,9963551
unavailable,108,10093299
unavailable,109,9958927
unavailable,110,10215911
unavailable,111,9719445
unavailable,112,10051330
unavailable,113,9725575
unavailable,114,9319100
unavailable,115,9978048
unavailable,116,10193352
unavailable,117,10134271
unavailable,118,9873914
unavailable,119,9731123
unavailable,120,9443688
unavailable,121,9539391
unavailable,122,9493376
unavailable,123,9050528
unavailable,124,9386844
unavailable,125,8932402
unavailable,126,9234123
unavailable,127,8823178
unavailable,128,9269680
unavailable,129,9363410
unavailable,130,9653347
unavailable,131,9613942
unavailable,132,9522014
unavailable,133,9574276
unavailable,134,8584533
unavailable,135,8949462
unavailable,136,8569141
unavailable,137,8376750
unavailable,138,8414928
unavailable,139,8677008
unavailable,140,9130461
unavailable,141,8535110
unavailable,142,8759626
unavailable,143,9041746
unavailable,144,9022757
unavailable,145,8895612
unavailable,146,8964339
unavailable,147,9196360
unavailable,148,9458055
unavailable,149,8962835
unavailable,150,8995286
unavailable,151,8445518
unavailable,152,8765883
unavailable,153,8799755
unavailable,154,8599952
unavailable,155,8166681
unavailable,156,8349404
unavailable,157,8138320
unavailable,158,7911722
unavailable,159,8477567
unavailable,160,8601076
unavailable,161,8916733
unavailable,162,8420417
unavailable,163,8348520
unavailable,164,9416566
unavailable,165,8885645
unavailable,166,8770713
unavailable,167,8339558
unavailable,168,8689663
unavailable,169,8780357
unavailable,170,8348627
unavailable,171,7929569
unavailable,172,8165055
unavailable,173,8527621
unavailable,174,8835632
unavailable,175,8616438
unavailable,176,8417222
unavailable,177,8120678
unavailable,178,8568629
unavailable,179,8153119
unavailable,180,7886655
unavailable,181,7660436
unavailable,182,7755952
unavailable,183,7132731
unavailable,184,4490966
unavailable,185,5706663
unavailable,186,7984755
unavailable,187,8170084
unavailable,188,8364819
unavailable,189,8405041
unavailable,190,8322379
unavailable,191,8417994
unavailable,192,7933854
unavailable,193,7972538
unavailable,194,7522287
unavailable,195,8346513
unavailable,196,8399598
unavailable,197,8990083
unavailable,198,8782883
unavailable,199,8933127
unavailable,200,9059946
unavailable,201,9009769
unavailable,202,8919403
unavailable,203,8680644
unavailable,204,8992151
unavailable,205,8833464
unavailable,206,8942873
unavailable,207,9081358
unavailable,208,5219125
unavailable,209,0
unavailable,210,0
unavailable,211,5805416
unavailable,212,9555402
unavailable,213,9451029
unavailable,214,9978661
unavailable,215,9574077
unavailable,216,9879465
unavailable,217,9353113
unavailable,218,9052237
unavailable,219,8692752
unavailable,220,8618169
unavailable,221,8565119
unavailable,222,9177507
unavailable,223,8951614
unavailable,224,8920980
unavailable,225,9207912
unavailable,226,8854823
unavailable,227,8545268
unavailable,228,8669619
unavailable,229,8688783
unavailable,230,8767109
unavailable,231,9039047
unavailable,232,8737849
unavailable,233,8272592
unavailable,234,8913278
unavailable,235,8671147
unavailable,236,8754947
unavailable,237,8395076
unavailable,238,8718811
unavailable,239,9144389
unavailable,240,8720740
unavailable,241,8318964
unavailable,242,8256679
unavailable,243,8733633
unavailable,244,9134177
unavailable,245,8893158
unavailable,246,8747915
unavailable,247,8503628
unavailable,248,8088772
unavailable,249,8469987
unavailable,250,8677258
unavailable,251,8393312
unavailable,252,7925556
unavailable,253,8684262
unavailable,254,8695585
unavailable,255,8411128
unavailable,256,8299554
unavailable,257,8264083
unavailable,258,8124315
unavailable,259,8190201
unavailable,260,8032201
unavailable,261,8509492
unblocking,0,1052080
unblocking,1,1455496
unblocking,2,1450561
unblocking,3,1888870
unblocking,4,2257012
unblocking,5,2945421
unblocking,6,2965181
unblocking,7,3522615
unblocking,8,4004006
unblocking,9,4212593
unblocking,10,4266625
unblocking,11,3897634
unblocking,12,3961345
unblocking,13,3554672
unblocking,14,3761761
unblocking,15,3866375
unblocking,16,4409321
unblocking,17,4425601
unblocking,18,4241175
unblocking,19,3889380
unblocking,20,4103335
unblocking,21,4167505
unblocking,22,3600633
unblocking,23,3331824
unblocking,24,3628044
unblocking,25,3707740
unblocking,26,3278366
unblocking,27,3215192
unblocking,28,2987036
unblocking,29,3580792
unblocking,30,3817209
unblocking,31,3720482
unblocking,32,3723133
unblocking,33,3807135
unblocking,34,3709831
unblocking,35,3399313
unblocking,36,3124382
unblocking,37,3393844
unblocking,38,3282257
unblocking,39,3684994
unblocking,40,3406352
unblocking,41,3317537
unblocking,42,2971370
unblocking,43,2940724
unblocking,44,2551552
unblocking,45,2382102
unblocking,46,2566686
unblocking,47,2796232
unblocking,48,3475445
unblocking,49,3618369
unblocking,50,3210877
unblocking,51,3422278
unblocking,52,3392250
unblocking,53,3973813
unblocking,54,3872330
unblocking,55,3111090
unblocking,56,2905037
unblocking,57,2840503
unblocking,58,2200595
unblocking,59,2458540
unblocking,60,3181330
unblocking,61,3799475
unblocking,62,3924085
unblocking,63,4032948
unblocking,64,4108821
unblocking,65,4001074
unblocking,66,3491224
unblocking,67,2773601
unblocking,68,2354109
unblocking,69,2241261
unblocking,70,2799255
unblocking,71,2684124
unblocking,72,3129195
unblocking,73,3352104
unblocking,74,3108617
unblocking,75,3518175
unblocking,76,3551277
unblocking,77,3325956
unblocking,78,2910484
unblocking,79,3154895
unblocking,80,3143723
unblocking,81,2785560
unblocking,82,2614503
unblocking,83,2654335
unblocking,84,2681648
unblocking,85,2535806
unblocking,86,3124247
unblocking,87,3320552
unblocking,88,3100426
unblocking,89,3118760
unblocking,90,3007384
unblocking,91,2083298
unblocking,92,3000173
unblocking,93,2105784
unblocking,94,2680093
unblocking,95,3646594
unblocking,96,4180393
unblocking,97,4917906
unblocking,98,5620449
unblocking,99,4531443
unblocking,100,5053127
unblocking,101,4755493
unblocking,102,4372205
unblocking,103,4408037
unblocking,104,3577347
unblocking,105,3628856
unblocking,106,3744655
unblocking,107,3128812
unblocking,108,3987508
unblocking,109,3910116
unblocking,110,3702629
unblocking,111,3624810
unblocking,112,3780297
unblocking,113,3740534
unblocking,114,3488610
unblocking,115,4488922
unblocking,116,4518040
unblocking,117,5135206
unblocking,118,4523795
unblocking,119,4647424
unblocking,120,4368843
unblocking,121,3763186
unblocking,122,3881486
unblocking,123,3697797
unblocking,124,4091505
unblocking,125,4023983
unblocking,126,3828357
unblocking,127,3407587
unblocking,128,3815553
unblocking,129,4199161
unblocking,130,4095463
unblocking,131,3717009
unblocking,132,3778031
unblocking,133,3877382
unblocking,134,2945818
unblocking,135,3185692
unblocking,136,3034524
unblocking,137,2765776
unblocking,138,3001730
unblocking,139,2768723
unblocking,140,3051191
unblocking,141,3411597
unblocking,142,3453730
unblocking,143,3487209
unblocking,144,3281516
unblocking,145,3354682
unblocking,146,3514101
unblocking,147,3642740
unblocking,148,4594499
unblocking,149,3586262
unblocking,150,4018535
unblocking,151,3164702
unblocking,152,3189985
unblocking,153,3675770
unblocking,154,3164431
unblocking,155,3074150
unblocking,156,2843951
unblocking,157,2964661
unblocking,158,2510956
unblocking,159,3067811
unblocking,160,3260872
unblocking,161,3379577
unblocking,162,3648891
unblocking,163,3525827
unblocking,164,4061762
unblocking,165,4517523
unblocking,166,3968280
unblocking,167,3682081
unblocking,168,3942602
unblocking,169,3807724
unblocking,170,3126268
unblocking,171,2842290
unblocking,172,3520981
unblocking,173,3601226
unblocking,174,3462076
unblocking,175,3547315
unblocking,176,3646117
unblocking,177,3729840
unblocking,178,3297363
unblocking,179,3592725
unblocking,180,3711012
unblocking,181,3810702
unblocking,182,3575877
unblocking,183,3598342
unblocking,184,2841034
unblocking,185,2939971
unblocking,186,2839300
unblocking,187,2699434
unblocking,188,3215987
unblocking,189,3442341
unblocking,190,3628636
unblocking,191,4662293
unblocking,192,3718978
unblocking,193,3740989
unblocking,194,3502097
unblocking,195,3634258
unblocking,196,3634298
unblocking,197,3548361
unblocking,198,3595234
unblocking,199,3568420
unblocking,200,4610146
unblocking,201,4555955
unblocking,202,4462019
unblocking,203,4667803
unblocking,204,4693394
unblocking,205,5254426
unblocking,206,4683631
unblocking,207,4705855
unblocking,208,2559888
unblocking,209,0
unblocking,210,0
unblocking,211,3093582
unblocking,212,3905083
unblocking,213,4970525
unblocking,214,5469488
unblocking,215,4917466
unblocking,216,5284215
unblocking,217,4140567
unblocking,218,3572153
unblocking,219,3044335
unblocking,220,3348070
unblocking,221,3564407
unblocking,222,3626588
unblocking,223,4049807
unblocking,224,4135212
unblocking,225,3874495
unblocking,226,4024926
unblocking,227,3741302
unblocking,228,3723178
unblocking,229,4174913
unblocking,230,3576785
unblocking,231,3612734
unblocking,232,3624139
unblocking,233,3566748
unblocking,234,4276221
unblocking,235,3738984
unblocking,236,3526804
unblocking,237,3369203
unblocking,238,3602470
unblocking,239,4055514
unblocking,240,3293767
unblocking,241,3440605
unblocking,242,3607012
unblocking,243,3634409
unblocking,244,4371428
unblocking,245,4035561
unblocking,246,4216676
unblocking,247,4147526
unblocking,248,3237145
unblocking,249,3334391
unblocking,250,3690218
unblocking,251,3721791
unblocking,252,3832944
unblocking,253,3749208
unblocking,254,3698056
unblocking,255,4110599
unblocking,256,3286667
unblocking,257,3485345
unblocking,258,3730762
unblocking,259,3238921
unblocking,260,2993362
unblocking,261,3763704
no_pore,0,0
no_pore,1,667387
no_pore,2,2880000
no_pore,3,2880000
no_pore,4,2880000
no_pore,5,2880000
no_pore,6,2880000
no_pore,7,2880000
no_pore,8,2880000
no_pore,9,2880000
no_pore,10,2880000
no_pore,11,2880000
no_pore,12,2880000
no_pore,13,2880000
no_pore,14,2880000
no_pore,15,2880000
no_pore,16,2880000
no_pore,17,2880000
no_pore,18,2880000
no_pore,19,2880000
no_pore,20,2880000
no_pore,21,2880000
no_pore,22,2880000
no_pore,23,2880000
no_pore,24,2880000
no_pore,25,2880000
no_pore,26,2880000
no_pore,27,2880000
no_pore,28,2880000
no_pore,29,2880000
no_pore,30,2880000
no_pore,31,2880000
no_pore,32,2880000
no_pore,33,2880000
no_pore,34,2880000
no_pore,35,2880000
no_pore,36,2880000
no_pore,37,2880000
no_pore,38,2880000
no_pore,39,2880000
no_pore,40,2880000
no_pore,41,2880000
no_pore,42,2880000
no_pore,43,2880000
no_pore,44,2880000
no_pore,45,2880000
no_pore,46,2880000
no_pore,47,2880000
no_pore,48,2880000
no_pore,49,2880000
no_pore,50,2880000
no_pore,51,2880000
no_pore,52,2880000
no_pore,53,2880000
no_pore,54,2880000
no_pore,55,2880000
no_pore,56,2880000
no_pore,57,2880000
no_pore,58,2880000
no_pore,59,2880000
no_pore,60,2880000
no_pore,61,2880000
no_pore,62,2880000
no_pore,63,2880000
no_pore,64,2880000
no_pore,65,2880000
no_pore,66,2880000
no_pore,67,2880000
no_pore,68,2880000
no_pore,69,2880000
no_pore,70,2880000
no_pore,71,2880000
no_pore,72,2880000
no_pore,73,2880000
no_pore,74,2880000
no_pore,75,2880000
no_pore,76,2880000
no_pore,77,2880000
no_pore,78,2880000
no_pore,79,2880000
no_pore,80,2880000
no_pore,81,2880000
no_pore,82,2880000
no_pore,83,2880000
no_pore,84,2880000
no_pore,85,2880000
no_pore,86,2880000
no_pore,87,2880000
no_pore,88,2880000
no_pore,89,2880000
no_pore,90,2880000
no_pore,91,2361879
no_pore,92,0
no_pore,93,3353851
no_pore,94,8400000
no_pore,95,8400000
no_pore,96,8400000
no_pore,97,8400000
no_pore,98,8400000
no_pore,99,8400000
no_pore,100,8400000
no_pore,101,8400000
no_pore,102,8400000
no_pore,103,8400000
no_pore,104,8400000
no_pore,105,8400000
no_pore,106,8400000
no_pore,107,8400000
no_pore,108,8400000
no_pore,109,8400000
no_pore,110,8400000
no_pore,111,8400000
no_pore,112,8400000
no_pore,113,8400000
no_pore,114,8400000
no_pore,115,8400000
no_pore,116,8400000
no_pore,117,8400000
no_pore,118,8400000
no_pore,119,8400000
no_pore,120,8400000
no_pore,121,8400000
no_pore,122,8400000
no_pore,123,8400000
no_pore,124,8400000
no_pore,125,8400000
no_pore,126,8400000
no_pore,127,8400000
no_pore,128,8400000
no_pore,129,8400000
no_pore,130,8400000
no_pore,131,8400000
no_pore,132,8400000
no_pore,133,8400000
no_pore,134,8400000
no_pore,135,8400000
no_pore,136,8400000
no_pore,137,8400000
no_pore,138,8400000
no_pore,139,8400000
no_pore,140,8400000
no_pore,141,8400000
no_pore,142,8400000
no_pore,143,8400000
no_pore,144,8400000
no_pore,145,8400000
no_pore,146,8400000
no_pore,147,8400000
no_pore,148,8400000
no_pore,149,8400000
no_pore,150,8400000
no_pore,151,8400000
no_pore,152,8400000
no_pore,153,8400000
no_pore,154,8400000
no_pore,155,8400000
no_pore,156,8400000
no_pore,157,8400000
no_pore,158,8400000
no_pore,159,8400000
no_pore,160,8400000
no_pore,161,8400000
no_pore,162,8400000
no_pore,163,8400000
no_pore,164,8400000
no_pore,165,8400000
no_pore,166,8400000
no_pore,167,8400000
no_pore,168,8400000
no_pore,169,8400000
no_pore,170,8400000
no_pore,171,8400000
no_pore,172,8400000
no_pore,173,8400000
no_pore,174,8400000
no_pore,175,8400000
no_pore,176,8400000
no_pore,177,8400000
no_pore,178,8400000
no_pore,179,8400000
no_pore,180,8400000
no_pore,181,8400000
no_pore,182,8400000
no_pore,183,5452511
no_pore,184,0
no_pore,185,7517376
no_pore,186,13200000
no_pore,187,13200000
no_pore,188,13200000
no_pore,189,13200000
no_pore,190,13200000
no_pore,191,13200000
no_pore,192,13200000
no_pore,193,13200000
no_pore,194,13200000
no_pore,195,13200000
no_pore,196,13200000
no_pore,197,13200000
no_pore,198,13200000
no_pore,199,13200000
no_pore,200,13200000
no_pore,201,13200000
no_pore,202,13200000
no_pore,203,13200000
no_pore,204,13200000
no_pore,205,13200000
no_pore,206,13200000
no_pore,207,13200000
no_pore,208,13200000
no_pore,209,13200000
no_pore,210,13200000
no_pore,211,13200000
no_pore,212,13200000
no_pore,213,13200000
no_pore,214,13200000
no_pore,215,13200000
no_pore,216,13200000
no_pore,217,13200000
no_pore,218,13200000
no_pore,219,13200000
no_pore,220,13200000
no_pore,221,13200000
no_pore,222,13200000
no_pore,223,13200000
no_pore,224,13200000
no_pore,225,13200000
no_pore,226,13200000
no_pore,227,13200000
no_pore,228,13200000
no_pore,229,13200000
no_pore,230,13200000
no_pore,231,13200000
no_pore,232,13200000
no_pore,233,13200000
no_pore,234,13200000
no_pore,235,13200000
no_pore,236,13200000
no_pore,237,13200000
no_pore,238,13200000
no_pore,239,13200000
no_pore,240,13200000
no_pore,241,13200000
no_pore,242,13200000
no_pore,243,13200000
no_pore,244,13200000
no_pore,245,13200000
no_pore,246,13200000
no_pore,247,13200000
no_pore,248,13200000
no_pore,249,13200000
no_pore,250,13200000
no_pore,251,13200000
no_pore,252,13200000
no_pore,253,13200000
no_pore,254,13200000
no_pore,255,13200000
no_pore,256,13200000
no_pore,257,13200000
no_pore,258,13200000
no_pore,259,13200000
no_pore,260,13200000
no_pore,261,13200000
unknown_positive,0,551237
unknown_positive,1,383843
unknown_positive,2,22784
unknown_positive,3,11937
unknown_positive,4,13885
unknown_positive,5,27527
unknown_positive,6,28704
unknown_positive,7,13164
unknown_positive,8,24477
unknown_positive,9,13675
unknown_positive,10,19239
unknown_positive,11,25285
unknown_positive,12,50532
unknown_positive,13,10908
unknown_positive,14,18587
unknown_positive,15,10767
unknown_positive,16,106923
unknown_positive,17,56344
unknown_positive,18,77722
unknown_positive,19,71134
unknown_positive,20,93406
unknown_positive,21,105468
unknown_positive,22,14880
unknown_positive,23,31524
unknown_positive,24,15909
unknown_positive,25,5620
unknown_positive,26,43922
unknown_positive,27,250288
unknown_positive,28,242399
unknown_positive,29,244092
unknown_positive,30,246157
unknown_positive,31,241539
unknown_positive,32,246885
unknown_positive,33,249255
unknown_positive,34,256160
unknown_positive,35,243932
unknown_positive,36,244831
unknown_positive,37,247830
unknown_positive,38,253600
unknown_positive,39,245201
unknown_positive,40,283086
unknown_positive,41,245700
unknown_positive,42,269317
unknown_positive,43,259380
unknown_positive,44,243435
unknown_positive,45,242133
unknown_positive,46,248065
unknown_positive,47,241880
unknown_positive,48,240690
unknown_positive,49,251514
unknown_positive,50,246204
unknown_positive,51,246684
unknown_positive,52,251961
unknown_positive,53,234779
unknown_positive,54,241337
unknown_positive,55,243876
unknown_positive,56,247682
unknown_positive,57,248445
unknown_positive,58,248470
unknown_positive,59,262015
unknown_positive,60,284776
unknown_positive,61,245563
unknown_positive,62,250866
unknown_positive,63,252030
unknown_positive,64,249946
unknown_positive,65,247485
unknown_positive,66,279375
unknown_positive,67,239721
unknown_positive,68,237259
unknown_positive,69,247857
unknown_positive,70,255441
unknown_positive,71,252904
unknown_positive,72,247378
unknown_positive,73,241708
unknown_positive,74,240212
unknown_positive,75,241630
unknown_positive,76,240304
unknown_positive,77,244870
unknown_positive,78,239114
unknown_positive,79,244756
unknown_positive,80,245887
unknown_positive,81,270153
unknown_positive,82,245382
unknown_positive,83,264766
unknown_positive,84,239040
unknown_positive,85,253709
unknown_positive,86,239662
unknown_positive,87,237881
unknown_positive,88,246664
unknown_positive,89,235938
unknown_positive,90,243861
unknown_positive,91,268553
unknown_positive,92,382462
unknown_positive,93,278842
unknown_positive,94,84428
unknown_positive,95,144875
unknown_positive,96,156608
unknown_positive,97,144187
unknown_positive,98,93404
unknown_positive,99,59203
unknown_positive,100,53358
unknown_positive,101,79180
unknown_positive,102,79759
unknown_positive,103,105222
unknown_positive,104,94461
unknown_positive,105,69151
unknown_positive,106,69459
unknown_positive,107,63319
unknown_positive,108,80853
unknown_positive,109,116480
unknown_positive,110,57233
unknown_positive,111,48753
unknown_positive,112,43169
unknown_positive,113,73145
unknown_positive,114,77966
unknown_positive,115,31627
unknown_positive,116,12927
unknown_positive,117,22127
unknown_positive,118,97750
unknown_positive,119,75968
unknown_positive,120,13986
unknown_positive,121,47443
unknown_positive,122,11508
unknown_positive,123,21336
unknown_positive,124,24558
unknown_positive,125,12354
unknown_positive,126,33103
unknown_positive,127,19171
unknown_positive,128,20482
unknown_positive,129,18520
unknown_positive,130,18858
unknown_positive,131,36719
unknown_positive,132,62502
unknown_positive,133,12366
unknown_positive,134,11165
unknown_positive,135,10731
unknown_positive,136,32947
unknown_positive,137,9934
unknown_positive,138,12219
unknown_positive,139,12372
unknown_positive,140,55368
unknown_positive,141,18081
unknown_positive,142,33528
unknown_positive,143,23972
unknown_positive,144,24360
unknown_positive,145,25831
unknown_positive,146,19439
unknown_positive,147,14207
unknown_positive,148,12771
unknown_positive,149,10847
unknown_positive,150,10220
unknown_positive,151,9919
unknown_positive,152,24826
unknown_positive,153,35246
unknown_positive,154,26702
unknown_positive,155,8526
unknown_positive,156,32611
unknown_positive,157,97775
unknown_positive,158,22023
unknown_positive,159,14866
unknown_positive,160,23181
unknown_positive,161,16777
unknown_positive,162,16068
unknown_positive,163,14952
unknown_positive,164,11641
unknown_positive,165,32888
unknown_positive,166,12500
unknown_positive,167,31881
unknown_positive,168,28508
unknown_positive,169,23128
unknown_positive,170,19227
unknown_positive,171,22024
unknown_positive,172,22083
unknown_positive,173,11742
unknown_positive,174,5355
unknown_positive,175,41879
unknown_positive,176,16171
unknown_positive,177,6662
unknown_positive,178,7239
unknown_positive,179,4357
unknown_positive,180,22706
unknown_positive,181,66607
unknown_positive,182,24719
unknown_positive,183,167511
unknown_positive,184,268025
unknown_positive,185,437893
unknown_positive,186,261968
unknown_positive,187,102057
unknown_positive,188,111476
unknown_positive,189,81604
unknown_positive,190,261350
unknown_positive,191,101978
unknown_positive,192,242249
unknown_positive,193,68034
unknown_positive,194,64803
unknown_positive,195,181563
unknown_positive,196,150396
unknown_positive,197,194770
unknown_positive,198,58513
unknown_positive,199,51090
unknown_positive,200,84914
unknown_positive,201,53822
unknown_positive,202,38075
unknown_positive,203,74178
unknown_positive,204,46546
unknown_positive,205,42725
unknown_positive,206,62918
unknown_positive,207,49653
unknown_positive,208,15247
unknown_positive,209,0
unknown_positive,210,0
unknown_positive,211,151618
unknown_positive,212,52140
unknown_positive,213,79146
unknown_positive,214,85701
unknown_positive,215,42459
unknown_positive,216,44629
unknown_positive,217,149824
unknown_positive,218,46248
unknown_positive,219,39047
unknown_positive,220,29022
unknown_positive,221,51944
unknown_positive,222,37355
unknown_positive,223,80433
unknown_positive,224,63027
unknown_positive,225,44898
unknown_positive,226,32870
unknown_positive,227,27768
unknown_positive,228,67702
unknown_positive,229,74214
unknown_positive,230,14218
unknown_positive,231,42840
unknown_positive,232,55632
unknown_positive,233,44709
unknown_positive,234,45786
unknown_positive,235,28275
unknown_positive,236,28780
unknown_positive,237,31224
unknown_positive,238,30171
unknown_positive,239,18047
unknown_positive,240,32122
unknown_positive,241,33378
unknown_positive,242,15091
unknown_positive,243,11186
unknown_positive,244,41895
unknown_positive,245,17651
unknown_positive,246,33367
unknown_positive,247,38928
unknown_positive,248,25350
unknown_positive,249,16751
unknown_positive,250,62683
unknown_positive,251,27823
unknown_positive,252,14197
unknown_positive,253,27924
unknown_positive,254,29320
unknown_positive,255,19638
unknown_positive,256,24290
unknown_positive,257,29367
unknown_positive,258,14584
unknown_positive,259,32563
unknown_positive,260,36834
unknown_positive,261,30076
multiple,0,3665147
multiple,1,3013017
multiple,2,2088
multiple,3,461
multiple,4,0
multiple,5,3081
multiple,6,0
multiple,7,831
multiple,8,0
multiple,9,0
multiple,10,0
multiple,11,0
multiple,12,756
multiple,13,0
multiple,14,0
multiple,15,2715
multiple,16,0
multiple,17,0
multiple,18,0
multiple,19,0
multiple,20,0
multiple,21,0
multiple,22,0
multiple,23,0
multiple,24,866
multiple,25,0
multiple,26,0
multiple,27,0
multiple,28,0
multiple,29,0
multiple,30,0
multiple,31,0
multiple,32,0
multiple,33,0
multiple,34,0
multiple,35,2640
multiple,36,1768
multiple,37,0
multiple,38,0
multiple,39,0
multiple,40,0
multiple,41,0
multiple,42,1723
multiple,43,0
multiple,44,0
multiple,45,0
multiple,46,0
multiple,47,0
multiple,48,0
multiple,49,0
multiple,50,1848
multiple,51,5286
multiple,52,0
multiple,53,0
multiple,54,1796
multiple,55,0
multiple,56,2718
multiple,57,811
multiple,58,0
multiple,59,0
multiple,60,0
multiple,61,0
multiple,62,2755
multiple,63,1799
multiple,64,0
multiple,65,3288
multiple,66,132
multiple,67,5166
multiple,68,0
multiple,69,0
multiple,70,0
multiple,71,2531
multiple,72,0
multiple,73,0
multiple,74,0
multiple,75,0
multiple,76,0
multiple,77,0
multiple,78,0
multiple,79,0
multiple,80,0
multiple,81,0
multiple,82,0
multiple,83,508
multiple,84,152
multiple,85,1645
multiple,86,0
multiple,87,0
multiple,88,0
multiple,89,883
multiple,90,0
multiple,91,205369
multiple,92,4572055
multiple,93,2667192
multiple,94,2111
multiple,95,1014
multiple,96,2742
multiple,97,548
multiple,98,447
multiple,99,0
multiple,100,0
multiple,101,0
multiple,102,74121
multiple,103,244781
multiple,104,240000
multiple,105,240000
multiple,106,240000
multiple,107,240032
multiple,108,240000
multiple,109,240000
multiple,110,240000
multiple,111,243032
multiple,112,244040
multiple,113,241690
multiple,114,240000
multiple,115,241116
multiple,116,240000
multiple,117,240000
multiple,118,240000
multiple,119,240000
multiple,120,240000
multiple,121,240000
multiple,122,240000
multiple,123,240000
multiple,124,242931
multiple,125,240000
multiple,126,240000
multiple,127,240000
multiple,128,240420
multiple,129,240000
multiple,130,240000
multiple,131,241206
multiple,132,240000
multiple,133,240000
multiple,134,240000
multiple,135,240000
multiple,136,240000
multiple,137,240000
multiple,138,240000
multiple,139,240000
multiple,140,241560
multiple,141,240862
multiple,142,240000
multiple,143,240000
multiple,144,243191
multiple,145,244347
multiple,146,240000
multiple,147,240000
multiple,148,240000
multiple,149,240000
multiple,150,240000
multiple,151,241874
multiple,152,242631
multiple,153,240000
multiple,154,242525
multiple,155,240000
multiple,156,240000
multiple,157,240000
multiple,158,240000
multiple,159,240000
multiple,160,240984
multiple,161,242332
multiple,162,240000
multiple,163,240000
multiple,164,240000
multiple,165,240000
multiple,166,242937
multiple,167,240000
multiple,168,240000
multiple,169,240000
multiple,170,240000
multiple,171,242888
multiple,172,240000
multiple,173,240000
multiple,174,240000
multiple,175,240000
multiple,176,240000
multiple,177,240000
multiple,178,242041
multiple,179,240000
multiple,180,240000
multiple,181,240411
multiple,182,240000
multiple,183,1518354
multiple,184,4827726
multiple,185,2046687
multiple,186,242375
multiple,187,241875
multiple,188,240171
multiple,189,241551
multiple,190,241776
multiple,191,241691
multiple,192,240461
multiple,193,241699
multiple,194,240000
multiple,195,244437
multiple,196,242605
multiple,197,245351
multiple,198,244977
multiple,199,240848
multiple,200,240000
multiple,201,240000
multiple,202,240000
multiple,203,240000
multiple,204,244830
multiple,205,241538
multiple,206,240000
multiple,207,240022
multiple,208,240000
multiple,209,240000
multiple,210,240000
multiple,211,240000
multiple,212,240000
multiple,213,242939
multiple,214,242959
multiple,215,243308
multiple,216,241373
multiple,217,248892
multiple,218,240000
multiple,219,240000
multiple,220,240000
multiple,221,242469
multiple,222,240368
multiple,223,240000
multiple,224,240000
multiple,225,240000
multiple,226,240000
multiple,227,240000
multiple,228,240000
multiple,229,240000
multiple,230,240000
multiple,231,240284
multiple,232,240000
multiple,233,241502
multiple,234,240000
multiple,235,240063
multiple,236,240000
multiple,237,240000
multiple,238,240000
multiple,239,240000
multiple,240,240419
multiple,241,240000
multiple,242,240000
multiple,243,243521
multiple,244,240000
multiple,245,240000
multiple,246,242728
multiple,247,240000
multiple,248,240769
multiple,249,240000
multiple,250,240000
multiple,251,241374
multiple,252,244323
multiple,253,450307
multiple,254,480234
multiple,255,480000
multiple,256,480000
multiple,257,480724
multiple,258,480000
multiple,259,480000
multiple,260,480000
multiple,261,481514
saturated,0,14602417
saturated,1,9849214
saturated,2,0
saturated,3,16306
saturated,4,240000
saturated,5,240000
saturated,6,316593
saturated,7,480000
saturated,8,480000
saturated,9,480000
saturated,10,480000
saturated,11,480000
saturated,12,480000
saturated,13,480000
saturated,14,480000
saturated,15,480000
saturated,16,692929
saturated,17,960000
saturated,18,960000
saturated,19,960000
saturated,20,960000
saturated,21,960000
saturated,22,960000
saturated,23,960000
saturated,24,960000
saturated,25,960000
saturated,26,960000
saturated,27,960000
saturated,28,960000
saturated,29,960000
saturated,30,960000
saturated,31,960000
saturated,32,960000
saturated,33,990215
saturated,34,1200000
saturated,35,1200000
saturated,36,1200000
saturated,37,1200000
saturated,38,1200000
saturated,39,1200000
saturated,40,1200000
saturated,41,1200000
saturated,42,1200000
saturated,43,1200000
saturated,44,1200000
saturated,45,1200000
saturated,46,1200000
saturated,47,1200000
saturated,48,1200000
saturated,49,1200000
saturated,50,1200000
saturated,51,1200000
saturated,52,1200000
saturated,53,1200000
saturated,54,1200000
saturated,55,1200000
saturated,56,1384957
saturated,57,1629726
saturated,58,1898294
saturated,59,1920000
saturated,60,1920000
saturated,61,1920000
saturated,62,1920000
saturated,63,1920000
saturated,64,1920000
saturated,65,1920000
saturated,66,1920000
saturated,67,1920000
saturated,68,1920000
saturated,69,1920000
saturated,70,1920000
saturated,71,1920000
saturated,72,2002068
saturated,73,2160000
saturated,74,2160000
saturated,75,2160000
saturated,76,2160000
saturated,77,2160000
saturated,78,2160000
saturated,79,2160000
saturated,80,2160000
saturated,81,2160000
saturated,82,2160000
saturated,83,2160000
saturated,84,2160000
saturated,85,2160000
saturated,86,2160000
saturated,87,2160000
saturated,88,2230045
saturated,89,2400000
saturated,90,2400000
saturated,91,4544612
saturated,92,15574347
saturated,93,7958039
saturated,94,0
saturated,95,0
saturated,96,0
saturated,97,0
saturated,98,0
saturated,99,163380
saturated,100,240000
saturated,101,240000
saturated,102,240000
saturated,103,240000
saturated,104,240000
saturated,105,240000
saturated,106,240000
saturated,107,240000
saturated,108,240000
saturated,109,240000
saturated,110,240000
saturated,111,240000
saturated,112,240000
saturated,113,240000
saturated,114,240000
saturated,115,240000
saturated,116,240000
saturated,117,240000
saturated,118,240000
saturated,119,240000
saturated,120,240000
saturated,121,240000
saturated,122,240000
saturated,123,240000
saturated,124,443988
saturated,125,480000
saturated,126,480000
saturated,127,480000
saturated,128,480000
saturated,129,480000
saturated,130,480000
saturated,131,480000
saturated,132,480000
saturated,133,480000
saturated,134,480000
saturated,135,480000
saturated,136,480000
saturated,137,480000
saturated,138,480000
saturated,139,480000
saturated,140,480000
saturated,141,480000
saturated,142,480000
saturated,143,480000
saturated,144,480000
saturated,145,480000
saturated,146,480000
saturated,147,480000
saturated,148,480000
saturated,149,480000
saturated,150,480000
saturated,151,480000
saturated,152,480000
saturated,153,480000
saturated,154,480000
saturated,155,480000
saturated,156,480000
saturated,157,480000
saturated,158,480000
saturated,159,480000
saturated,160,519039
saturated,161,720000
saturated,162,720000
saturated,163,720000
saturated,164,720000
saturated,165,720000
saturated,166,720000
saturated,167,720000
saturated,168,720000
saturated,169,720000
saturated,170,720000
saturated,171,720000
saturated,172,720000
saturated,173,720000
saturated,174,720000
saturated,175,720000
saturated,176,720000
saturated,177,720000
saturated,178,720000
saturated,179,720000
saturated,180,762492
saturated,181,960000
saturated,182,960000
saturated,183,6016056
saturated,184,15149321
saturated,185,5687817
saturated,186,231746
saturated,187,240000
saturated,188,240000
saturated,189,240000
saturated,190,367453
saturated,191,480000
saturated,192,480000
saturated,193,480000
saturated,194,480000
saturated,195,480000
saturated,196,480000
saturated,197,680400
saturated,198,720000
saturated,199,720000
saturated,200,720000
saturated,201,720000
saturated,202,720000
saturated,203,895119
saturated,204,960000
saturated,205,960000
saturated,206,960000
saturated,207,960000
saturated,208,960000
saturated,209,960000
saturated,210,960000
saturated,211,1139453
saturated,212,1200000
saturated,213,1200000
saturated,214,1213741
saturated,215,1440000
saturated,216,1440000
saturated,217,1440000
saturated,218,1440000
saturated,219,1440000
saturated,220,1440000
saturated,221,1440000
saturated,222,1440000
saturated,223,1440000
saturated,224,1440000
saturated,225,1523283
saturated,226,1680000
saturated,227,1680000
saturated,228,1680000
saturated,229,1680000
saturated,230,1680000
saturated,231,1680000
saturated,232,1680000
saturated,233,1680000
saturated,234,1830455
saturated,235,1920000
saturated,236,1920000
saturated,237,1920000
saturated,238,1920000
saturated,239,1920000
saturated,240,1920000
saturated,241,1920000
saturated,242,1920000
saturated,243,2133750
saturated,244,2391034
saturated,245,2400000
saturated,246,2400000
saturated,247,2400000
saturated,248,2400000
saturated,249,2400000
saturated,250,2508186
saturated,251,2640000
saturated,252,2640000
saturated,253,2640000
saturated,254,2640000
saturated,255,2640000
saturated,256,2640000
saturated,257,2640000
saturated,258,2640000
saturated,259,2640000
saturated,260,2640000
saturated,261,2640000
unknown_negative,0,13149517
unknown_negative,1,7603036
unknown_negative,2,0
unknown_negative,3,0
unknown_negative,4,0
unknown_negative,5,20
unknown_negative,6,5
unknown_negative,7,0
unknown_negative,8,0
unknown_negative,9,0
unknown_negative,10,0
unknown_negative,11,0
unknown_negative,12,0
unknown_negative,13,0
unknown_negative,14,0
unknown_negative,15,0
unknown_negative,16,0
unknown_negative,17,0
unknown_negative,18,0
unknown_negative,19,0
unknown_negative,20,0
unknown_negative,21,9
unknown_negative,22,0
unknown_negative,23,0
unknown_negative,24,0
unknown_negative,25,0
unknown_negative,26,0
unknown_negative,27,0
unknown_negative,28,0
unknown_negative,29,0
unknown_negative,30,0
unknown_negative,31,0
unknown_negative,32,0
unknown_negative,33,0
unknown_negative,34,0
unknown_negative,35,0
unknown_negative,36,0
unknown_negative,37,0
unknown_negative,38,0
unknown_negative,39,0
unknown_negative,40,0
unknown_negative,41,0
unknown_negative,42,0
unknown_negative,43,0
unknown_negative,44,0
unknown_negative,45,0
unknown_negative,46,0
unknown_negative,47,0
unknown_negative,48,0
unknown_negative,49,0
unknown_negative,50,0
unknown_negative,51,0
unknown_negative,52,0
unknown_negative,53,0
unknown_negative,54,0
unknown_negative,55,0
unknown_negative,56,0
unknown_negative,57,0
unknown_negative,58,1390
unknown_negative,59,0
unknown_negative,60,0
unknown_negative,61,0
unknown_negative,62,0
unknown_negative,63,0
unknown_negative,64,0
unknown_negative,65,0
unknown_negative,66,0
unknown_negative,67,0
unknown_negative,68,0
unknown_negative,69,0
unknown_negative,70,0
unknown_negative,71,0
unknown_negative,72,0
unknown_negative,73,0
unknown_negative,74,0
unknown_negative,75,0
unknown_negative,76,0
unknown_negative,77,0
unknown_negative,78,0
unknown_negative,79,0
unknown_negative,80,0
unknown_negative,81,0
unknown_negative,82,0
unknown_negative,83,0
unknown_negative,84,0
unknown_negative,85,0
unknown_negative,86,0
unknown_negative,87,0
unknown_negative,88,15
unknown_negative,89,0
unknown_negative,90,0
unknown_negative,91,3300998
unknown_negative,92,10421619
unknown_negative,93,7120996
unknown_negative,94,0
unknown_negative,95,3
unknown_negative,96,0
unknown_negative,97,0
unknown_negative,98,0
unknown_negative,99,13
unknown_negative,100,0
unknown_negative,101,0
unknown_negative,102,0
unknown_negative,103,0
unknown_negative,104,0
unknown_negative,105,0
unknown_negative,106,0
unknown_negative,107,0
unknown_negative,108,0
unknown_negative,109,0
unknown_negative,110,0
unknown_negative,111,0
unknown_negative,112,0
unknown_negative,113,0
unknown_negative,114,0
unknown_negative,115,0
unknown_negative,116,0
unknown_negative,117,0
unknown_negative,118,0
unknown_negative,119,0
unknown_negative,120,0
unknown_negative,121,0
unknown_negative,122,0
unknown_negative,123,0
unknown_negative,124,0
unknown_negative,125,0
unknown_negative,126,0
unknown_negative,127,0
unknown_negative,128,0
unknown_negative,129,0
unknown_negative,130,0
unknown_negative,131,0
unknown_negative,132,0
unknown_negative,133,0
unknown_negative,134,0
unknown_negative,135,0
unknown_negative,136,0
unknown_negative,137,0
unknown_negative,138,0
unknown_negative,139,0
unknown_negative,140,0
unknown_negative,141,0
unknown_negative,142,0
unknown_negative,143,0
unknown_negative,144,0
unknown_negative,145,0
unknown_negative,146,0
unknown_negative,147,0
unknown_negative,148,0
unknown_negative,149,0
unknown_negative,150,0
unknown_negative,151,0
unknown_negative,152,0
unknown_negative,153,0
unknown_negative,154,0
unknown_negative,155,0
unknown_negative,156,0
unknown_negative,157,0
unknown_negative,158,0
unknown_negative,159,0
unknown_negative,160,65
unknown_negative,161,0
unknown_negative,162,0
unknown_negative,163,0
unknown_negative,164,0
unknown_negative,165,0
unknown_negative,166,0
unknown_negative,167,0
unknown_negative,168,0
unknown_negative,169,0
unknown_negative,170,0
unknown_negative,171,0
unknown_negative,172,0
unknown_negative,173,0
unknown_negative,174,0
unknown_negative,175,0
unknown_negative,176,0
unknown_negative,177,0
unknown_negative,178,0
unknown_negative,179,0
unknown_negative,180,0
unknown_negative,181,0
unknown_negative,182,0
unknown_negative,183,3526253
unknown_negative,184,13257937
unknown_negative,185,4872550
unknown_negative,186,0
unknown_negative,187,0
unknown_negative,188,0
unknown_negative,189,0
unknown_negative,190,18
unknown_negative,191,0
unknown_negative,192,0
unknown_negative,193,0
unknown_negative,194,0
unknown_negative,195,0
unknown_negative,196,0
unknown_negative,197,106
unknown_negative,198,0
unknown_negative,199,0
unknown_negative,200,0
unknown_negative,201,0
unknown_negative,202,0
unknown_negative,203,0
unknown_negative,204,0
unknown_negative,205,0
unknown_negative,206,0
unknown_negative,207,0
unknown_negative,208,1799
unknown_negative,209,0
unknown_negative,210,0
unknown_negative,211,9
unknown_negative,212,0
unknown_negative,213,0
unknown_negative,214,0
unknown_negative,215,0
unknown_negative,216,0
unknown_negative,217,0
unknown_negative,218,0
unknown_negative,219,0
unknown_negative,220,0
unknown_negative,221,0
unknown_negative,222,0
unknown_negative,223,0
unknown_negative,224,0
unknown_negative,225,0
unknown_negative,226,0
unknown_negative,227,0
unknown_negative,228,0
unknown_negative,229,0
unknown_negative,230,0
unknown_negative,231,0
unknown_negative,232,0
unknown_negative,233,0
unknown_negative,234,0
unknown_negative,235,0
unknown_negative,236,0
unknown_negative,237,0
unknown_negative,238,0
unknown_negative,239,0
unknown_negative,240,0
unknown_negative,241,0
unknown_negative,242,0
unknown_negative,243,0
unknown_negative,244,0
unknown_negative,245,0
unknown_negative,246,0
unknown_negative,247,0
unknown_negative,248,0
unknown_negative,249,0
unknown_negative,250,0
unknown_negative,251,0
unknown_negative,252,0
unknown_negative,253,0
unknown_negative,254,0
unknown_negative,255,0
unknown_negative,256,0
unknown_negative,257,0
unknown_negative,258,0
unknown_negative,259,0
unknown_negative,260,0
unknown_negative,261,0
zero,0,34459303
zero,1,25315119
zero,2,226299
zero,3,348449
zero,4,247349
zero,5,457200
zero,6,377077
zero,7,1020168
zero,8,1610334
zero,9,1767572
zero,10,1758860
zero,11,1826065
zero,12,1911159
zero,13,1674893
zero,14,1695336
zero,15,1765031
zero,16,1936502
zero,17,2001248
zero,18,2171719
zero,19,2059821
zero,20,2284408
zero,21,2350201
zero,22,2323033
zero,23,2319158
zero,24,2385036
zero,25,2545622
zero,26,2421151
zero,27,2727601
zero,28,2689279
zero,29,3075369
zero,30,3585888
zero,31,3838324
zero,32,3531787
zero,33,3251625
zero,34,3774099
zero,35,3599153
zero,36,3603719
zero,37,3605826
zero,38,3615513
zero,39,3774749
zero,40,3435177
zero,41,3359966
zero,42,3647426
zero,43,3534500
zero,44,3635188
zero,45,3569513
zero,46,3793295
zero,47,4281109
zero,48,4591501
zero,49,4973828
zero,50,4726471
zero,51,4867313
zero,52,4735559
zero,53,4799543
zero,54,4769684
zero,55,4330285
zero,56,4604327
zero,57,4907265
zero,58,5090074
zero,59,5253812
zero,60,5249690
zero,61,5732151
zero,62,5661023
zero,63,5781230
zero,64,6338461
zero,65,6363435
zero,66,6173623
zero,67,5883264
zero,68,5683298
zero,69,5749199
zero,70,5992684
zero,71,5658334
zero,72,5636724
zero,73,5543830
zero,74,6080476
zero,75,6161616
zero,76,6174489
zero,77,5919809
zero,78,6256198
zero,79,6898668
zero,80,6740600
zero,81,7136565
zero,82,7157775
zero,83,7094178
zero,84,7118842
zero,85,7418129
zero,86,7732404
zero,87,7404634
zero,88,7591220
zero,89,7645236
zero,90,7898515
zero,91,13663616
zero,92,32225320
zero,93,26337173
zero,94,538351
zero,95,849092
zero,96,861529
zero,97,1225821
zero,98,1126509
zero,99,1078338
zero,100,971395
zero,101,1046438
zero,102,1083414
zero,103,1205529
zero,104,1417363
zero,105,1603670
zero,106,1479987
zero,107,1320328
zero,108,1787768
zero,109,1783275
zero,110,1816178
zero,111,1805160
zero,112,2199690
zero,113,2610570
zero,114,2753525
zero,115,3005206
zero,116,3052058
zero,117,3129278
zero,118,3223390
zero,119,3314310
zero,120,3392010
zero,121,3294408
zero,122,3107609
zero,123,3528215
zero,124,3486329
zero,125,3818341
zero,126,3514179
zero,127,3680322
zero,128,3604397
zero,129,3338860
zero,130,3309904
zero,131,3486774
zero,132,3289631
zero,133,3174710
zero,134,3339088
zero,135,3581075
zero,136,3659385
zero,137,3610226
zero,138,3641372
zero,139,3425441
zero,140,3571693
zero,141,3674730
zero,142,3533699
zero,143,3456142
zero,144,3632576
zero,145,3643720
zero,146,3826552
zero,147,3968771
zero,148,4068567
zero,149,3928386
zero,150,4056554
zero,151,4026822
zero,152,4490231
zero,153,4834320
zero,154,4684870
zero,155,4482619
zero,156,4609345
zero,157,4613575
zero,158,4629228
zero,159,4656401
zero,160,4624417
zero,161,4672589
zero,162,5134447
zero,163,4953439
zero,164,5249151
zero,165,5602469
zero,166,5776557
zero,167,6177511
zero,168,6229281
zero,169,6673774
zero,170,7010388
zero,171,6980639
zero,172,7020618
zero,173,6927763
zero,174,6801173
zero,175,7083207
zero,176,7460500
zero,177,7717850
zero,178,7925040
zero,179,8034681
zero,180,8418130
zero,181,8398931
zero,182,8378579
zero,183,15362310
zero,184,38556434
zero,185,19833476
zero,186,546471
zero,187,291055
zero,188,361270
zero,189,661770
zero,190,1199028
zero,191,1385356
zero,192,947958
zero,193,1172635
zero,194,1328427
zero,195,843541
zero,196,1044237
zero,197,1081908
zero,198,1669924
zero,199,2115739
zero,200,2681970
zero,201,2296307
zero,202,2390893
zero,203,2658232
zero,204,3322306
zero,205,3092455
zero,206,2852318
zero,207,3132828
zero,208,47311368
zero,209,108480000
zero,210,108480000
zero,211,27324775
zero,212,3634882
zero,213,3284114
zero,214,3467725
zero,215,3405988
zero,216,3890917
zero,217,4986701
zero,218,4988693
zero,219,5196079
zero,220,5138271
zero,221,5226815
zero,222,5886344
zero,223,5732054
zero,224,5995356
zero,225,5923225
zero,226,6007258
zero,227,6125360
zero,228,5953721
zero,229,6154319
zero,230,5916172
zero,231,5928352
zero,232,6148399
zero,233,6540281
zero,234,6293233
zero,235,6296363
zero,236,6419113
zero,237,6550428
zero,238,6355821
zero,239,6215218
zero,240,6382746
zero,241,6751890
zero,242,6604280
zero,243,6558621
zero,244,6771439
zero,245,6864330
zero,246,7123958
zero,247,7277660
zero,248,7304204
zero,249,7365818
zero,250,7630485
zero,251,7923046
zero,252,8324785
zero,253,8444462
zero,254,8532362
zero,255,8352732
zero,256,8299965
zero,257,8330679
zero,258,8222788
zero,259,8501904
zero,260,8199339
zero,261,8793651
unclassified,0,4121784
unclassified,1,2585234
unclassified,2,2786561
unclassified,3,2906126
unclassified,4,3071436
unclassified,5,3463812
unclassified,6,3383976
unclassified,7,3312433
unclassified,8,3536408
unclassified,9,3555726
unclassified,10,3533317
unclassified,11,3575214
unclassified,12,3882150
unclassified,13,3644713
unclassified,14,3957995
unclassified,15,4070210
unclassified,16,4331938
unclassified,17,4326414
unclassified,18,4424541
unclassified,19,4355382
unclassified,20,4186973
unclassified,21,4423685
unclassified,22,4830709
unclassified,23,4744362
unclassified,24,4748681
unclassified,25,4677271
unclassified,26,4817294
unclassified,27,4840166
unclassified,28,4986877
unclassified,29,5214745
unclassified,30,5091360
unclassified,31,4969043
unclassified,32,5103043
unclassified,33,5361273
unclassified,34,5236588
unclassified,35,5333334
unclassified,36,5551426
unclassified,37,5460134
unclassified,38,5731988
unclassified,39,5561496
unclassified,40,5874822
unclassified,41,6080086
unclassified,42,5769936
unclassified,43,5980701
unclassified,44,5831174
unclassified,45,6041985
unclassified,46,6080942
unclassified,47,5943284
unclassified,48,6009973
unclassified,49,6258486
unclassified,50,6599921
unclassified,51,6354617
unclassified,52,6485277
unclassified,53,6749456
unclassified,54,6514745
unclassified,55,6567628
unclassified,56,6543295
unclassified,57,6732538
unclassified,58,6725252
unclassified,59,6940984
unclassified,60,6791661
unclassified,61,6946788
unclassified,62,6906274
unclassified,63,7011864
unclassified,64,6890190
unclassified,65,7009868
unclassified,66,7362143
unclassified,67,7177389
unclassified,68,7118621
unclassified,69,7564844
unclassified,70,7511171
unclassified,71,7478506
unclassified,72,7401267
unclassified,73,7279340
unclassified,74,7486230
unclassified,75,7409104
unclassified,76,7675456
unclassified,77,7327960
unclassified,78,7490656
unclassified,79,7647016
unclassified,80,7493069
unclassified,81,7629490
unclassified,82,7656380
unclassified,83,7647002
unclassified,84,7927031
unclassified,85,7755650
unclassified,86,7610227
unclassified,87,7527250
unclassified,88,7715382
unclassified,89,7610600
unclassified,90,7716829
unclassified,91,8072413
unclassified,92,7142094
unclassified,93,7945280
unclassified,94,10083210
unclassified,95,10308201
unclassified,96,10508356
unclassified,97,10275378
unclassified,98,10282525
unclassified,99,10486888
unclassified,100,10448828
unclassified,101,10724604
unclassified,102,10788446
unclassified,103,10952838
unclassified,104,10571890
unclassified,105,10661767
unclassified,106,10447984
unclassified,107,10654775
unclassified,108,10923941
unclassified,109,10801291
unclassified,110,10811226
unclassified,111,10405258
unclassified,112,10568687
unclassified,113,10371252
unclassified,114,10512811
unclassified,115,10144072
unclassified,116,10384685
unclassified,117,10336217
unclassified,118,9999524
unclassified,119,10350486
unclassified,120,10417790
unclassified,121,10734045
unclassified,122,10942243
unclassified,123,10790046
unclassified,124,10788839
unclassified,125,10649879
unclassified,126,10832917
unclassified,127,10807268
unclassified,128,10337372
unclassified,129,10358185
unclassified,130,10392414
unclassified,131,10340735
unclassified,132,10357050
unclassified,133,10748917
unclassified,134,10824505
unclassified,135,10723263
unclassified,136,10737817
unclassified,137,10807693
unclassified,138,10271806
unclassified,139,10480458
unclassified,140,10467460
unclassified,141,10752380
unclassified,142,10624441
unclassified,143,10855310
unclassified,144,10694133
unclassified,145,10417901
unclassified,146,10486349
unclassified,147,10585616
unclassified,148,10489601
unclassified,149,10470967
unclassified,150,10532717
unclassified,151,10711190
unclassified,152,10883797
unclassified,153,10601557
unclassified,154,10558542
unclassified,155,10398261
unclassified,156,10428845
unclassified,157,10588461
unclassified,158,10663991
unclassified,159,10337297
unclassified,160,10498846
unclassified,161,10207029
unclassified,162,10262883
unclassified,163,10793331
unclassified,164,10054720
unclassified,165,10265816
unclassified,166,10267607
unclassified,167,10434144
unclassified,168,10473140
unclassified,169,10555451
unclassified,170,10356902
unclassified,171,10642937
unclassified,172,10013617
unclassified,173,10068170
unclassified,174,10006977
unclassified,175,10041235
unclassified,176,9818349
unclassified,177,9573360
unclassified,178,10016381
unclassified,179,9748676
unclassified,180,9894616
unclassified,181,9891558
unclassified,182,9776412
unclassified,183,9824142
unclassified,184,6149527
unclassified,185,7495591
unclassified,186,9505851
unclassified,187,9272064
unclassified,188,8871715
unclassified,189,9066625
unclassified,190,9434187
unclassified,191,9285993
unclassified,192,9095818
unclassified,193,9011483
unclassified,194,9452398
unclassified,195,9927926
unclassified,196,10221446
unclassified,197,10335812
unclassified,198,9925991
unclassified,199,9904484
unclassified,200,10085154
unclassified,201,9920707
unclassified,202,9891398
unclassified,203,9624425
unclassified,204,9521836
unclassified,205,9537357
unclassified,206,9748361
unclassified,207,9443228
unclassified,208,5391666
unclassified,209,0
unclassified,210,0
unclassified,211,6513480
unclassified,212,8965814
unclassified,213,8928961
unclassified,214,8620408
unclassified,215,8580307
unclassified,216,8644561
unclassified,217,8573724
unclassified,218,8586938
unclassified,219,8280486
unclassified,220,8360876
unclassified,221,8588296
unclassified,222,8304341
unclassified,223,8432464
unclassified,224,8512692
unclassified,225,8024537
unclassified,226,8612927
unclassified,227,8356597
unclassified,228,8311820
unclassified,229,8364034
unclassified,230,8546055
unclassified,231,7998497
unclassified,232,8590329
unclassified,233,8240375
unclassified,234,8159131
unclassified,235,8283923
unclassified,236,8517082
unclassified,237,8717675
unclassified,238,8442398
unclassified,239,7940609
unclassified,240,7979710
unclassified,241,8396299
unclassified,242,8142937
unclassified,243,8045045
unclassified,244,8481574
unclassified,245,7904714
unclassified,246,7951915
unclassified,247,8088562
unclassified,248,7835700
unclassified,249,7755632
unclassified,250,8228415
unclassified,251,7721561
unclassified,252,7794184
unclassified,253,7573160
unclassified,254,7584109
unclassified,255,7574937
unclassified,256,7730275
unclassified,257,7901597
unclassified,258,8230917
unclassified,259,8079525
unclassified,260,7832842
unclassified,261,7613292
unclassified_following_reset,0,0
unclassified_following_reset,1,1416724
unclassified_following_reset,2,0
unclassified_following_reset,3,0
unclassified_following_reset,4,0
unclassified_following_reset,5,0
unclassified_following_reset,6,0
unclassified_following_reset,7,0
unclassified_following_reset,8,0
unclassified_following_reset,9,0
unclassified_following_reset,10,0
unclassified_following_reset,11,0
unclassified_following_reset,12,0
unclassified_following_reset,13,0
unclassified_following_reset,14,0
unclassified_following_reset,15,0
unclassified_following_reset,16,0
unclassified_following_reset,17,0
unclassified_following_reset,18,0
unclassified_following_reset,19,0
unclassified_following_reset,20,0
unclassified_following_reset,21,0
unclassified_following_reset,22,0
unclassified_following_reset,23,0
unclassified_following_reset,24,0
unclassified_following_reset,25,0
unclassified_following_reset,26,0
unclassified_following_reset,27,0
unclassified_following_reset,28,0
unclassified_following_reset,29,0
unclassified_following_reset,30,0
unclassified_following_reset,31,0
unclassified_following_reset,32,0
unclassified_following_reset,33,0
unclassified_following_reset,34,0
unclassified_following_reset,35,0
unclassified_following_reset,36,0
unclassified_following_reset,37,0
unclassified_following_reset,38,0
unclassified_following_reset,39,0
unclassified_following_reset,40,0
unclassified_following_reset,41,0
unclassified_following_reset,42,0
unclassified_following_reset,43,0
unclassified_following_reset,44,0
unclassified_following_reset,45,0
unclassified_following_reset,46,0
unclassified_following_reset,47,0
unclassified_following_reset,48,0
unclassified_following_reset,49,0
unclassified_following_reset,50,0
unclassified_following_reset,51,0
unclassified_following_reset,52,0
unclassified_following_reset,53,0
unclassified_following_reset,54,0
unclassified_following_reset,55,0
unclassified_following_reset,56,0
unclassified_following_reset,57,0
unclassified_following_reset,58,0
unclassified_following_reset,59,0
unclassified_following_reset,60,0
unclassified_following_reset,61,0
unclassified_following_reset,62,0
unclassified_following_reset,63,0
unclassified_following_reset,64,0
unclassified_following_reset,65,0
unclassified_following_reset,66,0
unclassified_following_reset,67,0
unclassified_following_reset,68,0
unclassified_following_reset,69,0
unclassified_following_reset,70,0
unclassified_following_reset,71,0
unclassified_following_reset,72,0
unclassified_following_reset,73,0
unclassified_following_reset,74,0
unclassified_following_reset,75,0
unclassified_following_reset,76,0
unclassified_following_reset,77,0
unclassified_following_reset,78,0
unclassified_following_reset,79,0
unclassified_following_reset,80,0
unclassified_following_reset,81,0
unclassified_following_reset,82,0
unclassified_following_reset,83,0
unclassified_following_reset,84,0
unclassified_following_reset,85,0
unclassified_following_reset,86,0
unclassified_following_reset,87,0
unclassified_following_reset,88,0
unclassified_following_reset,89,0
unclassified_following_reset,90,0
unclassified_following_reset,91,0
unclassified_following_reset,92,0
unclassified_following_reset,93,846142
unclassified_following_reset,94,0
unclassified_following_reset,95,0
unclassified_following_reset,96,0
unclassified_following_reset,97,0
unclassified_following_reset,98,0
unclassified_following_reset,99,0
unclassified_following_reset,100,0
unclassified_following_reset,101,0
unclassified_following_reset,102,0
unclassified_following_reset,103,0
unclassified_following_reset,104,0
unclassified_following_reset,105,0
unclassified_following_reset,106,0
unclassified_following_reset,107,0
unclassified_following_reset,108,0
unclassified_following_reset,109,0
unclassified_following_reset,110,0
unclassified_following_reset,111,0
unclassified_following_reset,112,0
unclassified_following_reset,113,0
unclassified_following_reset,114,0
unclassified_following_reset,115,0
unclassified_following_reset,116,0
unclassified_following_reset,117,0
unclassified_following_reset,118,0
unclassified_following_reset,119,0
unclassified_following_reset,120,0
unclassified_following_reset,121,0
unclassified_following_reset,122,0
unclassified_following_reset,123,0
unclassified_following_reset,124,0
unclassified_following_reset,125,0
unclassified_following_reset,126,0
unclassified_following_reset,127,0
unclassified_following_reset,128,0
unclassified_following_reset,129,0
unclassified_following_reset,130,0
unclassified_following_reset,131,0
unclassified_following_reset,132,0
unclassified_following_reset,133,0
unclassified_following_reset,134,0
unclassified_following_reset,135,0
unclassified_following_reset,136,0
unclassified_following_reset,137,0
unclassified_following_reset,138,0
unclassified_following_reset,139,0
unclassified_following_reset,140,0
unclassified_following_reset,141,0
unclassified_following_reset,142,0
unclassified_following_reset,143,0
unclassified_following_reset,144,0
unclassified_following_reset,145,0
unclassified_following_reset,146,0
unclassified_following_reset,147,0
unclassified_following_reset,148,0
unclassified_following_reset,149,0
unclassified_following_reset,150,0
unclassified_following_reset,151,0
unclassified_following_reset,152,0
unclassified_following_reset,153,0
unclassified_following_reset,154,0
unclassified_following_reset,155,0
unclassified_following_reset,156,0
unclassified_following_reset,157,0
unclassified_following_reset,158,0
unclassified_following_reset,159,0
unclassified_following_reset,160,0
unclassified_following_reset,161,0
unclassified_following_reset,162,0
unclassified_following_reset,163,0
unclassified_following_reset,164,0
unclassified_following_reset,165,0
unclassified_following_reset,166,0
unclassified_following_reset,167,0
unclassified_following_reset,168,0
unclassified_following_reset,169,0
unclassified_following_reset,170,0
unclassified_following_reset,171,0
unclassified_following_reset,172,0
unclassified_following_reset,173,0
unclassified_following_reset,174,0
unclassified_following_reset,175,0
unclassified_following_reset,176,0
unclassified_following_reset,177,0
unclassified_following_reset,178,0
unclassified_following_reset,179,0
unclassified_following_reset,180,0
unclassified_following_reset,181,0
unclassified_following_reset,182,0
unclassified_following_reset,183,0
unclassified_following_reset,184,0
unclassified_following_reset,185,1387151
unclassified_following_reset,186,0
unclassified_following_reset,187,0
unclassified_following_reset,188,0
unclassified_following_reset,189,0
unclassified_following_reset,190,0
unclassified_following_reset,191,0
unclassified_following_reset,192,0
unclassified_following_reset,193,0
unclassified_following_reset,194,0
unclassified_following_reset,195,0
unclassified_following_reset,196,0
unclassified_following_reset,197,0
unclassified_following_reset,198,0
unclassified_following_reset,199,0
unclassified_following_reset,200,0
unclassified_following_reset,201,0
unclassified_following_reset,202,0
unclassified_following_reset,203,0
unclassified_following_reset,204,0
unclassified_following_reset,205,0
unclassified_following_reset,206,0
unclassified_following_reset,207,0
unclassified_following_reset,208,0
unclassified_following_reset,209,0
unclassified_following_reset,210,0
unclassified_following_reset,211,0
unclassified_following_reset,212,0
unclassified_following_reset,213,0
unclassified_following_reset,214,0
unclassified_following_reset,215,0
unclassified_following_reset,216,0
unclassified_following_reset,217,0
unclassified_following_reset,218,0
unclassified_following_reset,219,0
unclassified_following_reset,220,0
unclassified_following_reset,221,0
unclassified_following_reset,222,0
unclassified_following_reset,223,0
unclassified_following_reset,224,0
unclassified_following_reset,225,0
unclassified_following_reset,226,0
unclassified_following_reset,227,0
unclassified_following_reset,228,0
unclassified_following_reset,229,0
unclassified_following_reset,230,0
unclassified_following_reset,231,0
unclassified_following_reset,232,0
unclassified_following_reset,233,0
unclassified_following_reset,234,0
unclassified_following_reset,235,0
unclassified_following_reset,236,0
unclassified_following_reset,237,0
unclassified_following_reset,238,0
unclassified_following_reset,239,0
unclassified_following_reset,240,0
unclassified_following_reset,241,0
unclassified_following_reset,242,0
unclassified_following_reset,243,0
unclassified_following_reset,244,0
unclassified_following_reset,245,0
unclassified_following_reset,246,0
unclassified_following_reset,247,0
unclassified_following_reset,248,0
unclassified_following_reset,249,0
unclassified_following_reset,250,0
unclassified_following_reset,251,0
unclassified_following_reset,252,0
unclassified_following_reset,253,0
unclassified_following_reset,254,0
unclassified_following_reset,255,0
unclassified_following_reset,256,0
unclassified_following_reset,257,0
unclassified_following_reset,258,0
unclassified_following_reset,259,0
unclassified_following_reset,260,0
unclassified_following_reset,261,0
pending_manual_reset,0,0
pending_manual_reset,1,3969826
pending_manual_reset,2,0
pending_manual_reset,3,0
pending_manual_reset,4,0
pending_manual_reset,5,0
pending_manual_reset,6,0
pending_manual_reset,7,0
pending_manual_reset,8,0
pending_manual_reset,9,0
pending_manual_reset,10,0
pending_manual_reset,11,0
pending_manual_reset,12,0
pending_manual_reset,13,0
pending_manual_reset,14,0
pending_manual_reset,15,0
pending_manual_reset,16,0
pending_manual_reset,17,0
pending_manual_reset,18,0
pending_manual_reset,19,0
pending_manual_reset,20,0
pending_manual_reset,21,0
pending_manual_reset,22,0
pending_manual_reset,23,0
pending_manual_reset,24,0
pending_manual_reset,25,0
pending_manual_reset,26,0
pending_manual_reset,27,0
pending_manual_reset,28,0
pending_manual_reset,29,0
pending_manual_reset,30,0
pending_manual_reset,31,0
pending_manual_reset,32,0
pending_manual_reset,33,0
pending_manual_reset,34,0
pending_manual_reset,35,0
pending_manual_reset,36,0
pending_manual_reset,37,0
pending_manual_reset,38,0
pending_manual_reset,39,0
pending_manual_reset,40,0
pending_manual_reset,41,0
pending_manual_reset,42,0
pending_manual_reset,43,0
pending_manual_reset,44,0
pending_manual_reset,45,0
pending_manual_reset,46,0
pending_manual_reset,47,0
pending_manual_reset,48,0
pending_manual_reset,49,0
pending_manual_reset,50,0
pending_manual_reset,51,0
pending_manual_reset,52,0
pending_manual_reset,53,0
pending_manual_reset,54,0
pending_manual_reset,55,0
pending_manual_reset,56,0
pending_manual_reset,57,0
pending_manual_reset,58,0
pending_manual_reset,59,0
pending_manual_reset,60,0
pending_manual_reset,61,0
pending_manual_reset,62,0
pending_manual_reset,63,0
pending_manual_reset,64,0
pending_manual_reset,65,0
pending_manual_reset,66,0
pending_manual_reset,67,0
pending_manual_reset,68,0
pending_manual_reset,69,0
pending_manual_reset,70,0
pending_manual_reset,71,0
pending_manual_reset,72,0
pending_manual_reset,73,0
pending_manual_reset,74,0
pending_manual_reset,75,0
pending_manual_reset,76,0
pending_manual_reset,77,0
pending_manual_reset,78,0
pending_manual_reset,79,0
pending_manual_reset,80,0
pending_manual_reset,81,0
pending_manual_reset,82,0
pending_manual_reset,83,0
pending_manual_reset,84,0
pending_manual_reset,85,0
pending_manual_reset,86,0
pending_manual_reset,87,0
pending_manual_reset,88,0
pending_manual_reset,89,0
pending_manual_reset,90,0
pending_manual_reset,91,0
pending_manual_reset,92,0
pending_manual_reset,93,3744018
pending_manual_reset,94,0
pending_manual_reset,95,0
pending_manual_reset,96,0
pending_manual_reset,97,0
pending_manual_reset,98,0
pending_manual_reset,99,0
pending_manual_reset,100,0
pending_manual_reset,101,0
pending_manual_reset,102,0
pending_manual_reset,103,0
pending_manual_reset,104,0
pending_manual_reset,105,0
pending_manual_reset,106,0
pending_manual_reset,107,0
pending_manual_reset,108,0
pending_manual_reset,109,0
pending_manual_reset,110,0
pending_manual_reset,111,0
pending_manual_reset,112,0
pending_manual_reset,113,0
pending_manual_reset,114,0
pending_manual_reset,115,0
pending_manual_reset,116,0
pending_manual_reset,117,0
pending_manual_reset,118,0
pending_manual_reset,119,0
pending_manual_reset,120,0
pending_manual_reset,121,0
pending_manual_reset,122,0
pending_manual_reset,123,0
pending_manual_reset,124,0
pending_manual_reset,125,0
pending_manual_reset,126,0
pending_manual_reset,127,0
pending_manual_reset,128,0
pending_manual_reset,129,0
pending_manual_reset,130,0
pending_manual_reset,131,0
pending_manual_reset,132,0
pending_manual_reset,133,0
pending_manual_reset,134,0
pending_manual_reset,135,0
pending_manual_reset,136,0
pending_manual_reset,137,0
pending_manual_reset,138,0
pending_manual_reset,139,0
pending_manual_reset,140,0
pending_manual_reset,141,0
pending_manual_reset,142,0
pending_manual_reset,143,0
pending_manual_reset,144,0
pending_manual_reset,145,0
pending_manual_reset,146,0
pending_manual_reset,147,0
pending_manual_reset,148,0
pending_manual_reset,149,0
pending_manual_reset,150,0
pending_manual_reset,151,0
pending_manual_reset,152,0
pending_manual_reset,153,0
pending_manual_reset,154,0
pending_manual_reset,155,0
pending_manual_reset,156,0
pending_manual_reset,157,0
pending_manual_reset,158,0
pending_manual_reset,159,0
pending_manual_reset,160,0
pending_manual_reset,161,0
pending_manual_reset,162,0
pending_manual_reset,163,0
pending_manual_reset,164,0
pending_manual_reset,165,0
pending_manual_reset,166,0
pending_manual_reset,167,0
pending_manual_reset,168,0
pending_manual_reset,169,0
pending_manual_reset,170,0
pending_manual_reset,171,0
pending_manual_reset,172,0
pending_manual_reset,173,0
pending_manual_reset,174,0
pending_manual_reset,175,0
pending_manual_reset,176,0
pending_manual_reset,177,0
pending_manual_reset,178,0
pending_manual_reset,179,0
pending_manual_reset,180,0
pending_manual_reset,181,0
pending_manual_reset,182,0
pending_manual_reset,183,0
pending_manual_reset,184,0
pending_manual_reset,185,3893536
pending_manual_reset,186,0
pending_manual_reset,187,0
pending_manual_reset,188,0
pending_manual_reset,189,0
pending_manual_reset,190,0
pending_manual_reset,191,0
pending_manual_reset,192,0
pending_manual_reset,193,0
pending_manual_reset,194,0
pending_manual_reset,195,0
pending_manual_reset,196,0
pending_manual_reset,197,0
pending_manual_reset,198,0
pending_manual_reset,199,0
pending_manual_reset,200,0
pending_manual_reset,201,0
pending_manual_reset,202,0
pending_manual_reset,203,0
pending_manual_reset,204,0
pending_manual_reset,205,0
pending_manual_reset,206,0
pending_manual_reset,207,0
pending_manual_reset,208,0
pending_manual_reset,209,0
pending_manual_reset,210,0
pending_manual_reset,211,0
pending_manual_reset,212,0
pending_manual_reset,213,0
pending_manual_reset,214,0
pending_manual_reset,215,0
pending_manual_reset,216,0
pending_manual_reset,217,0
pending_manual_reset,218,0
pending_manual_reset,219,0
pending_manual_reset,220,0
pending_manual_reset,221,0
pending_manual_reset,222,0
pending_manual_reset,223,0
pending_manual_reset,224,0
pending_manual_reset,225,0
pending_manual_reset,226,0
pending_manual_reset,227,0
pending_manual_reset,228,0
pending_manual_reset,229,0
pending_manual_reset,230,0
pending_manual_reset,231,0
pending_manual_reset,232,0
pending_manual_reset,233,0
pending_manual_reset,234,0
pending_manual_reset,235,0
pending_manual_reset,236,0
pending_manual_reset,237,0
pending_manual_reset,238,0
pending_manual_reset,239,0
pending_manual_reset,240,0
pending_manual_reset,241,0
pending_manual_reset,242,0
pending_manual_reset,243,0
pending_manual_reset,244,0
pending_manual_reset,245,0
pending_manual_reset,246,0
pending_manual_reset,247,0
pending_manual_reset,248,0
pending_manual_reset,249,0
pending_manual_reset,250,0
pending_manual_reset,251,0
pending_manual_reset,252,0
pending_manual_reset,253,0
pending_manual_reset,254,0
pending_manual_reset,255,0
pending_manual_reset,256,0
pending_manual_reset,257,0
pending_manual_reset,258,0
pending_manual_reset,259,0
pending_manual_reset,260,0
pending_manual_reset,261,0
pending_mux_change,0,9434661
pending_mux_change,1,12412000
pending_mux_change,2,8628967
pending_mux_change,3,8932732
pending_mux_change,4,8934628
pending_mux_change,5,9069751
pending_mux_change,6,8722325
pending_mux_change,7,8626198
pending_mux_change,8,8847994
pending_mux_change,9,8320093
pending_mux_change,10,8466252
pending_mux_change,11,8502321
pending_mux_change,12,8230900
pending_mux_change,13,8210556
pending_mux_change,14,8248713
pending_mux_change,15,8137354
pending_mux_change,16,7965174
pending_mux_change,17,8087339
pending_mux_change,18,7927316
pending_mux_change,19,7994816
pending_mux_change,20,8147602
pending_mux_change,21,7721503
pending_mux_change,22,8474416
pending_mux_change,23,7859418
pending_mux_change,24,7795041
pending_mux_change,25,8073107
pending_mux_change,26,7741960
pending_mux_change,27,7781507
pending_mux_change,28,7369358
pending_mux_change,29,7397780
pending_mux_change,30,7775156
pending_mux_change,31,7618317
pending_mux_change,32,7395990
pending_mux_change,33,7400093
pending_mux_change,34,7568731
pending_mux_change,35,7408687
pending_mux_change,36,7506630
pending_mux_change,37,7596786
pending_mux_change,38,7278193
pending_mux_change,39,7450259
pending_mux_change,40,7271528
pending_mux_change,41,7223046
pending_mux_change,42,7011365
pending_mux_change,43,7164721
pending_mux_change,44,7305059
pending_mux_change,45,7358314
pending_mux_change,46,7328568
pending_mux_change,47,7468567
pending_mux_change,48,7292308
pending_mux_change,49,7140418
pending_mux_change,50,6664058
pending_mux_change,51,6935993
pending_mux_change,52,7222823
pending_mux_change,53,6904350
pending_mux_change,54,7108945
pending_mux_change,55,6753223
pending_mux_change,56,6890031
pending_mux_change,57,6711953
pending_mux_change,58,6634482
pending_mux_change,59,6500609
pending_mux_change,60,6589164
pending_mux_change,61,6618185
pending_mux_change,62,6732449
pending_mux_change,63,6556919
pending_mux_change,64,6720205
pending_mux_change,65,6744878
pending_mux_change,66,6582903
pending_mux_change,67,6869190
pending_mux_change,68,6415544
pending_mux_change,69,6502722
pending_mux_change,70,6710620
pending_mux_change,71,6596199
pending_mux_change,72,6490941
pending_mux_change,73,6526789
pending_mux_change,74,6530582
pending_mux_change,75,6235683
pending_mux_change,76,6397425
pending_mux_change,77,6393312
pending_mux_change,78,6692864
pending_mux_change,79,6377081
pending_mux_change,80,6284497
pending_mux_change,81,6132082
pending_mux_change,82,6197036
pending_mux_change,83,6604754
pending_mux_change,84,6168387
pending_mux_change,85,6268249
pending_mux_change,86,6275247
pending_mux_change,87,6044771
pending_mux_change,88,6037061
pending_mux_change,89,6175742
pending_mux_change,90,6172617
pending_mux_change,91,6313818
pending_mux_change,92,8896381
pending_mux_change,93,11222418
pending_mux_change,94,7604239
pending_mux_change,95,7517872
pending_mux_change,96,7363122
pending_mux_change,97,7413842
pending_mux_change,98,7076833
pending_mux_change,99,7208654
pending_mux_change,100,7170534
pending_mux_change,101,7389881
pending_mux_change,102,7379607
pending_mux_change,103,7088479
pending_mux_change,104,7109060
pending_mux_change,105,7322720
pending_mux_change,106,7197212
pending_mux_change,107,7181695
pending_mux_change,108,7256314
pending_mux_change,109,6863380
pending_mux_change,110,7040408
pending_mux_change,111,6968355
pending_mux_change,112,7123857
pending_mux_change,113,7150853
pending_mux_change,114,6934757
pending_mux_change,115,6943254
pending_mux_change,116,6987332
pending_mux_change,117,6732835
pending_mux_change,118,6479093
pending_mux_change,119,6663712
pending_mux_change,120,6460232
pending_mux_change,121,7024939
pending_mux_change,122,6865607
pending_mux_change,123,6813076
pending_mux_change,124,7082870
pending_mux_change,125,6812747
pending_mux_change,126,6966014
pending_mux_change,127,6645854
pending_mux_change,128,6879399
pending_mux_change,129,6666303
pending_mux_change,130,6719802
pending_mux_change,131,6743016
pending_mux_change,132,6667303
pending_mux_change,133,6628302
pending_mux_change,134,6394961
pending_mux_change,135,6674411
pending_mux_change,136,6723761
pending_mux_change,137,6480757
pending_mux_change,138,6501751
pending_mux_change,139,6628285
pending_mux_change,140,6712201
pending_mux_change,141,6634932
pending_mux_change,142,6375296
pending_mux_change,143,6425695
pending_mux_change,144,6436564
pending_mux_change,145,6428887
pending_mux_change,146,6690506
pending_mux_change,147,6518815
pending_mux_change,148,6505547
pending_mux_change,149,6344633
pending_mux_change,150,6367797
pending_mux_change,151,6399402
pending_mux_change,152,6649963
pending_mux_change,153,6721613
pending_mux_change,154,6330829
pending_mux_change,155,6179990
pending_mux_change,156,6309931
pending_mux_change,157,6205171
pending_mux_change,158,6475370
pending_mux_change,159,6249381
pending_mux_change,160,6669563
pending_mux_change,161,6410184
pending_mux_change,162,6181250
pending_mux_change,163,6113508
pending_mux_change,164,6384310
pending_mux_change,165,6126680
pending_mux_change,166,6148598
pending_mux_change,167,6073200
pending_mux_change,168,5993675
pending_mux_change,169,6366635
pending_mux_change,170,6234393
pending_mux_change,171,6008158
pending_mux_change,172,6028653
pending_mux_change,173,6190757
pending_mux_change,174,6159309
pending_mux_change,175,6134896
pending_mux_change,176,6029935
pending_mux_change,177,5870857
pending_mux_change,178,6119197
pending_mux_change,179,6090575
pending_mux_change,180,5918819
pending_mux_change,181,5954348
pending_mux_change,182,6024198
pending_mux_change,183,6524256
pending_mux_change,184,10043500
pending_mux_change,185,8960070
pending_mux_change,186,6280894
pending_mux_change,187,6343807
pending_mux_change,188,6295549
pending_mux_change,189,6425526
pending_mux_change,190,6811153
pending_mux_change,191,6375132
pending_mux_change,192,5996245
pending_mux_change,193,6105393
pending_mux_change,194,5876739
pending_mux_change,195,6295407
pending_mux_change,196,6388973
pending_mux_change,197,6599320
pending_mux_change,198,6642133
pending_mux_change,199,6729748
pending_mux_change,200,6745463
pending_mux_change,201,6321668
pending_mux_change,202,6336077
pending_mux_change,203,6262118
pending_mux_change,204,6416230
pending_mux_change,205,6395027
pending_mux_change,206,6288956
pending_mux_change,207,6459928
pending_mux_change,208,4756164
pending_mux_change,209,0
pending_mux_change,210,0
pending_mux_change,211,8410786
pending_mux_change,212,6344085
pending_mux_change,213,6320580
pending_mux_change,214,6334372
pending_mux_change,215,6416312
pending_mux_change,216,6529504
pending_mux_change,217,6826003
pending_mux_change,218,6816910
pending_mux_change,219,6578295
pending_mux_change,220,6487057
pending_mux_change,221,6424137
pending_mux_change,222,6501579
pending_mux_change,223,6875975
pending_mux_change,224,6286835
pending_mux_change,225,6400217
pending_mux_change,226,6348158
pending_mux_change,227,6320069
pending_mux_change,228,6471432
pending_mux_change,229,6552644
pending_mux_change,230,6499054
pending_mux_change,231,6666910
pending_mux_change,232,6470871
pending_mux_change,233,6281791
pending_mux_change,234,6431455
pending_mux_change,235,6279468
pending_mux_change,236,6474310
pending_mux_change,237,6224732
pending_mux_change,238,6243978
pending_mux_change,239,6577255
pending_mux_change,240,6351585
pending_mux_change,241,6155820
pending_mux_change,242,6057007
pending_mux_change,243,6292732
pending_mux_change,244,6307113
pending_mux_change,245,6085119
pending_mux_change,246,6340146
pending_mux_change,247,6102801
pending_mux_change,248,5859309
pending_mux_change,249,6259750
pending_mux_change,250,6084135
pending_mux_change,251,6030415
pending_mux_change,252,5904462
pending_mux_change,253,6337966
pending_mux_change,254,6029389
pending_mux_change,255,5779852
pending_mux_change,256,5978552
pending_mux_change,257,5802354
pending_mux_change,258,5793273
pending_mux_change,259,5895549
pending_mux_change,260,5994936
pending_mux_change,261,6136383
locked,0,0
locked,1,0
locked,2,2318
locked,3,1793
locked,4,0
locked,5,1396
locked,6,0
locked,7,1874
locked,8,1138
locked,9,0
locked,10,15447
locked,11,0
locked,12,16846
locked,13,13325
locked,14,3459
locked,15,9358
locked,16,6543
locked,17,14288
locked,18,8284
locked,19,5820
locked,20,6144
locked,21,7665
locked,22,10588
locked,23,1521
locked,24,3057
locked,25,15315
locked,26,1536
locked,27,6152
locked,28,5128
locked,29,6129
locked,30,6129
locked,31,9216
locked,32,6046
locked,33,5855
locked,34,8674
locked,35,9328
locked,36,3353
locked,37,1536
locked,38,7680
locked,39,8039
locked,40,3599
locked,41,4062
locked,42,6863
locked,43,6144
locked,44,7682
locked,45,5598
locked,46,3072
locked,47,7686
locked,48,0
locked,49,11183
locked,50,2683
locked,51,5505
locked,52,16831
locked,53,18220
locked,54,3741
locked,55,1536
locked,56,11939
locked,57,8353
locked,58,9601
locked,59,6129
locked,60,0
locked,61,11536
locked,62,2330
locked,63,4333
locked,64,7101
locked,65,21025
locked,66,11197
locked,67,18841
locked,68,6144
locked,69,10298
locked,70,0
locked,71,5070
locked,72,0
locked,73,4022
locked,74,10140
locked,75,1536
locked,76,1536
locked,77,3438
locked,78,12397
locked,79,4608
locked,80,3072
locked,81,3072
locked,82,1521
locked,83,4020
locked,84,3978
locked,85,8504
locked,86,0
locked,87,0
locked,88,7125
locked,89,2656
locked,90,11834
locked,91,3072
locked,92,0
locked,93,0
locked,94,1563
locked,95,4702
locked,96,1807
locked,97,943
locked,98,1809
locked,99,1536
locked,100,8757
locked,101,0
locked,102,6419
locked,103,9821
locked,104,5072
locked,105,0
locked,106,8898
locked,107,4662
locked,108,0
locked,109,1536
locked,110,2115
locked,111,6926
locked,112,3262
locked,113,4428
locked,114,7238
locked,115,824
locked,116,1536
locked,117,1536
locked,118,3057
locked,119,4044
locked,120,14949
locked,121,12582
locked,122,0
locked,123,3072
locked,124,2077
locked,125,0
locked,126,5563
locked,127,0
locked,128,8577
locked,129,0
locked,130,0
locked,131,2232
locked,132,0
locked,133,1536
locked,134,7153
locked,135,3072
locked,136,5558
locked,137,1536
locked,138,0
locked,139,6144
locked,140,0
locked,141,1626
locked,142,1536
locked,143,0
locked,144,3732
locked,145,12144
locked,146,0
locked,147,7096
locked,148,1536
locked,149,1536
locked,150,0
locked,151,4508
locked,152,1536
locked,153,1536
locked,154,4299
locked,155,1521
locked,156,0
locked,157,0
locked,158,11734
locked,159,0
locked,160,4420
locked,161,1185
locked,162,0
locked,163,0
locked,164,10210
locked,165,0
locked,166,3020
locked,167,7292
locked,168,4126
locked,169,13289
locked,170,6023
locked,171,8416
locked,172,0
locked,173,0
locked,174,1536
locked,175,4061
locked,176,2039
locked,177,4134
locked,178,14693
locked,179,1536
locked,180,4089
locked,181,8143
locked,182,2703
locked,183,3078
locked,184,0
locked,185,2462
locked,186,1536
locked,187,1557
locked,188,1371
locked,189,1143
locked,190,3787
locked,191,1294
locked,192,3500
locked,193,3824
locked,194,1536
locked,195,12302
locked,196,4595
locked,197,13174
locked,198,1531
locked,199,14437
locked,200,0
locked,201,0
locked,202,4608
locked,203,0
locked,204,10900
locked,205,3043
locked,206,7857
locked,207,7788
locked,208,0
locked,209,0
locked,210,0
locked,211,0
locked,212,0
locked,213,3189
locked,214,6931
locked,215,2705
locked,216,2953
locked,217,47303
locked,218,5835
locked,219,9190
locked,220,0
locked,221,4441
locked,222,5395
locked,223,0
locked,224,12288
locked,225,4608
locked,226,0
locked,227,10182
locked,228,0
locked,229,7680
locked,230,3603
locked,231,6515
locked,232,0
locked,233,1409
locked,234,0
locked,235,4998
locked,236,5625
locked,237,1536
locked,238,12761
locked,239,1536
locked,240,15916
locked,241,0
locked,242,6029
locked,243,3474
locked,244,2573
locked,245,1521
locked,246,4103
locked,247,2433
locked,248,11650
locked,249,1521
locked,250,966
locked,251,2920
locked,252,5158
locked,253,14258
locked,254,3676
locked,255,8950
locked,256,0
locked,257,11009
locked,258,0
locked,259,11158
locked,260,7072
locked,261,1699
